CodeId,n_codes,freq_finngen_per,LongName,ENGLongName,Description,HierarchyLevel,BeginningDate,ExpiringDate,LastModifiedDate
SPAT1254,1155579,18.901860%,Lääkkeenanto,Administration of medicine,suun tai muun ruumiin aukon kautta tai silmän pinnalle tai inhalaationa terveydenhuollon yksikössä tai kotikäynnillä annettava lääkitys. Sisältää myös lääkkeenjaon dosettiin.,1,2009-01-01T00:00:00Z,2099-12-31T00:00:00Z,2016-08-31T00:00:00Z
SPAT1301,535003,8.751069%,Ei toimenpidettä,No procedures,palvelutapahtumaan ei sisälly merkittäviä toimenpiteitä,1,2009-01-01T00:00:00Z,2017-12-31T00:00:00Z,2017-12-05T00:00:00Z
SPAT1222,503814,8.240909%,Itsenäistä selviytymistä edistävä neuvonta/ohjaus,Counselling/guidance promoting independent living,vajaakykyisen henkilön itsenäistä selviämistä edistävä neuvonta tai ohjaus Huom. Sisältää mm. mielenterveyspotilaille tai vanhuksille annettavaa päivittäistoiminnan ohjausta.,1,2009-01-01T00:00:00Z,2099-12-31T00:00:00Z,2016-08-31T00:00:00Z
SPAT1306,404915,6.623214%,Ravitsemukseen ja painonhallintaan liittyvä neuvonta ja ohjaus,Counselling and guidance related to nutrition and weight management,"ravitsemukseen, painonkehitykseen ja aineenvaihduntaan liittyvä neuvonta ja ohjaus",1,2009-01-01T00:00:00Z,2099-12-31T00:00:00Z,2016-02-29T00:00:00Z
SPAT1137,306836,5.018931%,Potilaan/asiakkaan hygieniasta huolehtiminen,Taking care of patient’s/customer’s hygiene,"potilaan/asiakkaan henkilökohtaisesta hygieniasta huolehtiminen, esim. eritteiden poisto ja pesu",1,2009-01-01T00:00:00Z,2017-12-31T00:00:00Z,2017-12-05T00:00:00Z
SPAT1292,258797,4.233155%,Muu SHToL:n mukainen toiminto,Other function in accordance with SHToL (Finnish classification of nursing interventions),SPAT-luokittelematon SHTOL - toiminto,1,2009-01-01T00:00:00Z,2017-12-31T00:00:00Z,2017-12-05T00:00:00Z
SPAT1256,249949,4.088428%,Lihas- ja ihonalaisinjektio,Intramuscular and subcutaneous injection,"hoitavan aineen ruiskuttaminen lihakseen, jänteeseen tai ihon alle",1,2009-01-01T00:00:00Z,2099-12-31T00:00:00Z,2016-02-29T00:00:00Z
SPAT1263,219239,3.586103%,Näytteen otto,Sampling,"näytteenottoon valmistelu, ohjeistus ja näytteenoton jälkeinen valvonta Huom. Sisältää seuraavat näytteet: verinäyte, ulostusnäyte, virtsanäyte, limanäyte, märkänäyte, kudosnäyte, nielunäyte, ihonäyte.",1,2009-01-01T00:00:00Z,2017-12-31T00:00:00Z,2017-12-05T00:00:00Z
SPAT1250,187380,3.064983%,Kroonisen sairauden perusteellinen seuranta,Comprehensive monitoring of chronic illness,"kroonisen sairauden suunnitelmallinen seurantakäynti, kuten diabeetikon ohjelmoitu määräaikaiskontrolli Huom. Sisältää useita toimintoja kuten sairauden tilan seurantaa, kotihoito-ohjausta, lääkityksen arviointia, elämäntapaohjeistusta",1,2009-01-01T00:00:00Z,2017-12-31T00:00:00Z,2017-12-05T00:00:00Z
SPAT1253,176470,2.886528%,"Lääkityksen aloitus, muutos, lopetus tai uusinta","Initiation, adjustment, discontinuation or repetition of medication","lääkityksen aloitus, muutos, lopetus tai uusinta",1,2009-01-01T00:00:00Z,2017-12-31T00:00:00Z,2017-12-05T00:00:00Z
SPAT1234,154483,2.526886%,Sosiaalisen toimintakyvyn tukeminen,Support of social functional capacity,"hoitotyön ja kuntoutuksen toimintoja, joissa eri tavoin edistetään kykyä sosiaaliseen kanssakäymiseen: ryhmähoidot, palveluohjaus",1,2009-01-01T00:00:00Z,2099-12-31T00:00:00Z,2016-02-29T00:00:00Z
SPAT1223,127275,2.081843%,Fysioterapeuttisen kuntoutussuunnitelman toteuttaminen,Implementation of physical therapy rehabilitation plan,fysioterapian alaan kuuluvien sairaudenhoidon toimenpiteiden suorittaminen,1,2009-01-01T00:00:00Z,2099-12-31T00:00:00Z,2016-02-29T00:00:00Z
SPAT1156,123496,2.020030%,Ihottuman ja ihon hoitoon liittyvä ohjaus,Guidance concerning treatment of rash and skin,ihottumaan tai muuhun ihon hoitoon liittyvä ohjaus,1,2009-01-01T00:00:00Z,2099-12-31T00:00:00Z,2016-02-29T00:00:00Z
SPAT1249,115638,1.891496%,Hoitoon liittyvä neuvonta vastaanoton ulkopuolella,Treatment-related counselling outside office,"laboratoriotulosten tai omahoito-ohjeiden käsittelyä asiakkaan kanssa puhelimitse tai sähköisesti niin että se korvaa vastaanottokäynnin Huom. Ei merkitä, mikäli potilas tulee välittömästi yhteydenoton jälkeen vastaanotolle. Merkitään myös mikäli ohjeet annetaan toisen henkilön (esim. omaisen tai tulkin) välityksellä.",1,2009-01-01T00:00:00Z,2099-12-31T00:00:00Z,2016-08-31T00:00:00Z
SPAT1325,95572,1.563276%,Rokotus,Vaccination,"Rokotus joko yleisen rokoteohjelman mukaisesti tai tarveharkintaisesti, sisältäen ehkäisevän matkaterveydenhuollon",1,2009-01-01T00:00:00Z,2014-12-31T00:00:00Z,2014-07-12T00:00:00Z
SPAT1148,86750,1.418974%,Kroonisen haavan tai palovamman hoito,Treatment of chronic ulcer or burn,"painehaavan, säärihaavan tai palovamman tarkastus, puhdistus, siteiden vaihto ja hoidon ohjaus",1,2009-01-01T00:00:00Z,2099-12-31T00:00:00Z,2016-02-29T00:00:00Z
SPAT1216,72958,1.193377%,Toimintakyvyn arviointi,Assessment of functional ability,"toimintakyvyn arviointi yhdellä tai useammalla standardoidulla mittarilla (esim. RAVA, RAI, FIM, ADL, ICF), voi sisältää myös sosiaalisen toimintakyvyn arvioinnin",1,2009-01-01T00:00:00Z,2099-12-31T00:00:00Z,2016-02-29T00:00:00Z
SPAT1310,71900,1.176072%,Tunnettuun terveysongelmaan liittyvä neuvonta,Counselling related to known health issue,potilaan jo tunnetun terveysongelman lievittämiseen tai vaikeutumisen tai uusiutumisen ehkäisemiseen tähtäävä neuvonta,1,2009-01-01T00:00:00Z,2099-12-31T00:00:00Z,2016-02-29T00:00:00Z
SPAT1262,69189,1.131728%,Hoitotarvikkeiden luovutus,Handing over of treatment supplies,vastaanotolla tapahtuva hoitovälineiden antaminen ja käytön ohjaus,1,2009-01-01T00:00:00Z,2017-12-31T00:00:00Z,2017-12-05T00:00:00Z
SPAT1240,62360,1.020025%,Terapeuttinen keskustelu,Therapeutic discussion,"tavanomaista laajempi keskustelu potilaan tai hänen läheistensä psykososiaalisista, mielenterveys- tai päihdeongelmista tai muutoin potilaan psyykeä tukeva tavoitteellinen vuorovaikutus (voi tapahtua myös ryhmässä)",1,2009-01-01T00:00:00Z,2099-12-31T00:00:00Z,2016-02-29T00:00:00Z
SPAT1312,49288,0.806206%,Yleinen terveysneuvonta,General health counselling,"yleinen terveysneuvonta, yksilön terveydentilasta riippumaton",1,2009-01-01T00:00:00Z,2099-12-31T00:00:00Z,2016-02-29T00:00:00Z
SPAT1196,46114,0.754289%,Normaaliraskauden seuranta,Monitoring of normal pregnancy,"Sisältää neuvolassa tehtävät raskauden seurantakäyntiin liittyvät tutkimukset, myös tähän liittyvän ohjauksen. Sisältää myös synnytyksen jälkitarkastuksen",1,2009-01-01T00:00:00Z,2014-12-31T00:00:00Z,2014-07-12T00:00:00Z
SPAT1305,42594,0.696712%,Liikuntaan liittyvä neuvonta ja ohjaus,Counselling and guidance related to physical exercise,liikuntaan liittyvä neuvonta ja ohjaus,1,2009-01-01T00:00:00Z,2099-12-31T00:00:00Z,2016-02-29T00:00:00Z
SPAT1172,41985,0.686751%,Nesteytykseen liittyvä ohjaus,Guidance concerning hydration,"potilaalle tai omaiselle annettava nesteytykseen ja nestetasapainoon liittyvä ohjaus, esimerkiksi dehydraation tai nesteen kertymisen ennaltaehkäisemiseksi",1,2009-01-01T00:00:00Z,2099-12-31T00:00:00Z,2016-02-29T00:00:00Z
SPAT1139,41099,0.672258%,Ravitsemuskartoitus,Nutrition survey,potilaan ravinnonsaannin ja ravitsemustilan kartoitus,1,2009-01-01T00:00:00Z,2017-12-31T00:00:00Z,2017-12-05T00:00:00Z
SPAT1283,40772,0.666910%,Suppea todistus terveydentilasta,Restricted health certificate,"lääkärin tai hoitajan antama A- tai SV-todistus sairauden vuoksi, esim. matkakorvauksen hankkimiseksi tai ruokavaliota koskien, sekä työmäärältään suppea B-, C- tai muu todistus",1,2009-01-01T00:00:00Z,2099-12-31T00:00:00Z,2016-02-29T00:00:00Z
SPAT1211,33071,0.540944%,Pehmeän sidoksen asetus,Application of soft bandage,pehmeän sidoksen asetus,1,2009-01-01T00:00:00Z,2017-12-31T00:00:00Z,2017-12-05T00:00:00Z
SPAT1304,32606,0.533338%,Ikääntymiseen liittyvä neuvonta ja ohjeistus,Counselling and guidance related to ageing,ikääntymiseen liittyvä neuvonta ja ohjaus,1,2009-01-01T00:00:00Z,2099-12-31T00:00:00Z,2016-02-29T00:00:00Z
SPAT1153,31916,0.522052%,Ompeleiden poisto,Removal of sutures,iho- tai limakalvohaavan ompeleiden poisto,1,2009-01-01T00:00:00Z,2099-12-31T00:00:00Z,2016-02-29T00:00:00Z
SPAT1294,30283,0.495340%,Muu terveyssosiaalityönimikkeistön mukainen toiminto,Other function in accordance with health social work nomenclature,SPAT-luokittelematon terveyssosiaalityön toiminto,1,2009-01-01T00:00:00Z,2017-12-31T00:00:00Z,2017-12-05T00:00:00Z
SPAT1230,26556,0.434378%,"Apuvälinesovitus, -lainaus ja käytön seuranta",Aid fitting and borrowing and monitoring of use,"apuvälinesovitus, -lainaus ja käytön seuranta, ml huolto, korjaus ja palautus, kun tapahtumaan liittyy asiakkaan/potilaan ohjausta tai neuvontaa ja tekijänä on terveydenhuollon ammattihenkilö",1,2009-01-01T00:00:00Z,2017-12-31T00:00:00Z,2017-12-05T00:00:00Z
SPAT1379,25481,0.416794%,Raskaana olevan terveystarkastus,Health check-up of pregnant person,"raskauden aikaiset terveystarkastukset  tarkastusohjelman mukaisesti sekä toimenpiteet, tutkimukset ja ohjaus äitiysneuvolakäynnin ja seurantakäynnin aikana Huom. Sisältää myös synnytyksen jälkitarkastuksen. Ks. Terveydenhuoltolaki 1326/2010 15 §, VNA 338/2011, 9 §.",1,2015-01-01T00:00:00Z,2099-12-31T00:00:00Z,2016-08-31T00:00:00Z
SPAT1033,25192,0.412067%,Korvakäytävän huuhtelu tai vahan poisto,Irrigation or wax removal of outer auditory canal,korvakäytävän huuhtelu tai vahan poisto imemällä tai mekaanisesti,1,2009-01-01T00:00:00Z,2099-12-31T00:00:00Z,2016-02-29T00:00:00Z
SPAT1251,24854,0.406538%,Lääkityksen järjestely,Organisation of medication,"Sisältää lääkemääraysten tarkastamisen, lääkehoidon ohjauksen, lääkkeiden annostelun (esim. dosettiin) ja lääkehoidon järjestelyn (esim. reseptin hakeminen lääkäriltä)",1,2009-01-01T00:00:00Z,2012-12-31T00:00:00Z,2012-06-20T00:00:00Z
SPAT1252,22624,0.370062%,Kokonaislääkehoitosuunnitelma tai sen tarkastus,Overall medication plan or its review,kokonaislääkehoitosuunnitelman laatiminen tai tarkastus toteuttajasta riippumatta ja siihen liittyvä hoitajan valmisteleva selvittelytyö,1,2009-01-01T00:00:00Z,2017-12-31T00:00:00Z,2017-12-05T00:00:00Z
SPAT1014,20245,0.331148%,Silmien hoito,Treatment of eyes,"silmien hoito ja silmien hoidon ohjaus, mukaan lukien esim. silmäripsien poisto ja silmänhuuhtelu",1,2009-01-01T00:00:00Z,2017-12-31T00:00:00Z,2017-12-05T00:00:00Z
SPAT1260,19368,0.316803%,Toisen työntekijän konsultoiminen,Consultation of another employee,"mielipiteen, neuvon tms. pyytäminen potilaan asiassa toiselta terveydenhuollon ammattihenkilöltä",1,2009-01-01T00:00:00Z,2099-12-31T00:00:00Z,2016-02-29T00:00:00Z
SPAT1308,18661,0.305239%,Seksuaaliterveysneuvonta,Sexual health counselling,"sisältää mm. yksilöllisen ehkäisymenetelmän suunnittelun ja valinnan, seksitautien ehkäisyn, seksuaalineuvonnan jne",1,2009-01-01T00:00:00Z,2099-12-31T00:00:00Z,2016-02-29T00:00:00Z
SPAT1275,18277,0.298958%,Opioidiriippuvaisen vieroitus- ja korvaushoito,Drug rehabilitation and replacement therapy of opioid-dependent person,opioidiriippuvaisen vieroitus- ja korvaushoidosta annetuksen asetuksen (33/2008) mukaisen hoidon antaminen,1,2009-01-01T00:00:00Z,2099-12-31T00:00:00Z,2016-02-29T00:00:00Z
SPAT1244,17371,0.284138%,Toiminnallinen terapia,Occupational therapy,"sisältää kaiken mielenterveyspotilaiden, vanhusten, lasten, kehitysvammaisten ja neurologisten potilaiden toiminnallisen terapiakontaktin, esim. musiikki- ja taideterapiat tai ryhmässä tapahtuva aktivointi",1,2009-01-01T00:00:00Z,2099-12-31T00:00:00Z,2016-02-29T00:00:00Z
SPAT1255,16936,0.277023%,Suonensisäinen lääkkeenanto,Intravenous administration of medicine,suonensisäinen lääkkeenanto,1,2009-01-01T00:00:00Z,2099-12-31T00:00:00Z,2016-02-29T00:00:00Z
SPAT1149,16524,0.270284%,Traumaattisen haavan ompelu tai hoito,Suture or treatment of traumatic wound,"traumaattisen tai leikkaushaavan puhdistus ja/tai sulkeminen ompelemalla, liimaamalla tai sitomalla",1,2009-01-01T00:00:00Z,2099-12-31T00:00:00Z,2016-02-29T00:00:00Z
SPAT1307,16244,0.265704%,Psykososiaalinen neuvonta ja ohjaus,Psychosocial counselling and guidance,ihmissuhteisiin ja mielenterveyteen liittyvä neuvonta ja ohjaus,1,2009-01-01T00:00:00Z,2099-12-31T00:00:00Z,2016-02-29T00:00:00Z
SPAT1324,16057,0.262645%,Seulontatoimenpide,Screening procedure,"sovitun seulontaohjelman osana tehty tutkimus (esim. PAPA, PSA, mammografia)",1,2009-01-01T00:00:00Z,2099-12-31T00:00:00Z,2016-02-29T00:00:00Z
SPAT1100,15443,0.252602%,Verenpaineen pitkäaikaisseuranta,Long-term monitoring of blood pressure,"verenpaineen pitkäaikaisseurantamittarin asennus, poisto ja tulosten tulkinta",1,2009-01-01T00:00:00Z,2099-12-31T00:00:00Z,2016-02-29T00:00:00Z
SPAT1097,12877,0.210630%,EKG:n ottaminen,Recording of ECG,EKG:n ottaminen vastaanotto- tai ensiaputilanteessa,1,2009-01-01T00:00:00Z,2099-12-31T00:00:00Z,2011-10-07T00:00:00Z
SPAT1315,12821,0.209714%,Lasten ja nuorten määräaikainen terveystarkastus,Periodic health check-up of children and adolescents,"määräaikainen terveystarkastus ja tarvittaessa siitä laadittu suppea todistus neuvolassa, koulu- tai opiskeluterveydenhuollossa tai ehkäisevässä suun terveydenhuollossa Huom. Ei sisällä laajaa terveystarkastusta ja asevelvollisen terveystarkastusta.",1,2009-01-01T00:00:00Z,2099-12-31T00:00:00Z,2016-08-31T00:00:00Z
SPAT1144,12586,0.205870%,Auenneen tai tulehtuneen leikkaushaavan hoito,Treatment of reopened or infected surgical wound,auenneen tai tulehtuneen leikkaushaavan puhdistus ja hoito,1,2009-01-01T00:00:00Z,2099-12-31T00:00:00Z,2016-02-29T00:00:00Z
SPAT1167,12544,0.205183%,Virtsarakkokatetrin asettaminen,Insertion of urinary catheter,katetrin asettaminen virtsarakkoon virtsaputken kautta Huom. Sisältää sekä kertakatetroinnin että kestokaterin asettamisen.,1,2009-01-01T00:00:00Z,2099-12-31T00:00:00Z,2016-08-31T00:00:00Z
SPAT1317,11629,0.190216%,"Sovittu terveystarkastuksen seuranta, yksilöllisen tarpeen mukaan tehty terveystarkastus","Planned health check-up monitoring, health check-up performed based on individual need",aiemmassa terveystarkastuksessa havaitun ongelman yksilöllisen tarpeen mukainen seuranta,1,2009-01-01T00:00:00Z,2099-12-31T00:00:00Z,2016-02-29T00:00:00Z
SPAT1197,11257,0.184131%,Lasta odottavan perheen laaja terveystarkastus,Extensive health check-up of expecting family,lasta odottavan perheen laaja terveystarkastus Huom. Tähän terveystarkastukseen kuuluu äidin ja sikiön terveydentilan tutkiminen sekä koko perheen hyvinvoinnin selvitys haastattelulla ja tarvittaessa muilla menetelmillä. Ks. asetus 338/2011.,1,2009-01-01T00:00:00Z,2099-12-31T00:00:00Z,2016-08-31T00:00:00Z
SPAT1192,10758,0.175969%,Gynekologinen tutkimus,Gynaecological examination,"gynekologinen tutkimus sisältäen tähystyksen, sisätutkimuksen ja vatsanpeitteiden palpaation",1,2009-01-01T00:00:00Z,2099-12-31T00:00:00Z,2016-02-29T00:00:00Z
SPAT1053,10631,0.173892%,Muistitutkimus,Memory test,muistitutkimus standardoitua menetelmää käyttäen (esim. MMSE tai CERAD),1,2009-01-01T00:00:00Z,2099-12-31T00:00:00Z,2016-02-29T00:00:00Z
SPAT1245,10225,0.167251%,Potilaan läheisten tukeminen ja informointi,Provision of support and information to patient’s family members,potilaan läheisten tukeminen ja informointi sairauden hoitoon tai sen ehkäisyyn liittyen,1,2009-01-01T00:00:00Z,2099-12-31T00:00:00Z,2016-02-29T00:00:00Z
SPAT1235,10121,0.165550%,"Mielenterveys, emotionaalinen tuki","Mental health, emotional support","Mielenterveys, emotionaalinen tuki",1,2009-01-01T00:00:00Z,2010-12-31T00:00:00Z,2011-10-07T00:00:00Z
SPAT1193,9025,0.147622%,Gynekologinen irtosolunäytteen otto,Pap smear,gynekologinen irtosolunäytteen otto Huom. Ei sisällä seulontatutkimuksia.,1,2009-01-01T00:00:00Z,2099-12-31T00:00:00Z,2016-08-31T00:00:00Z
SPAT1295,8933,0.146117%,Muu fysioterapianimikkeistön mukainen toiminto,Other function in accordance with physical therapy nomenclature,SPAT-luokittelematon fysioterapianimikkeistön mukainen toiminto,1,2009-01-01T00:00:00Z,2017-12-31T00:00:00Z,2017-12-05T00:00:00Z
SPAT1212,8288,0.135567%,Tuki- ja liikuntaelimistön laaja tutkimus,Extensive examination of musculoskeletal system,"perusteellinen, aikaa vievä tai muutoin erityisen vaativa useiden nivelten, pehmytkudoksen tai tukirangan tutkimus",1,2009-01-01T00:00:00Z,2017-12-31T00:00:00Z,2017-12-05T00:00:00Z
SPAT1336,7896,0.129155%,Tutkimuspyyntö,Request for examination,tutkimuspyyntö,1,2009-01-01T00:00:00Z,2099-12-31T00:00:00Z,2016-02-29T00:00:00Z
SPAT1360,7241,0.118441%,Laaja yleistutkimus,Extensive global examination,sisältää perusteellisen potilaan yleistilan ja statuksen selvittelyn,1,2011-01-01T00:00:00Z,2017-12-31T00:00:00Z,2017-12-05T00:00:00Z
SPAT1281,7135,0.116708%,Muu hallinnollinen toiminto,Other administrative function,potilaan/asiakkaan hoitamiseksi tehtyjä hallinnollisia toimenpiteitä,1,2009-01-01T00:00:00Z,2017-12-31T00:00:00Z,2017-12-05T00:00:00Z
SPAT1104,6747,0.110361%,Ensiapupotilaan seuranta,Monitoring of emergency patient,potilaan elintoimintojen ja tajunnan tason tarkkailu sekä perushoito vastaanotolla tai tarkkailuhuoneessa ennen kotiinlähtöä tai siirtoa eteenpäin,1,2009-01-01T00:00:00Z,2099-12-31T00:00:00Z,2016-02-29T00:00:00Z
SPAT1101,6380,0.104358%,Ortostaattinen koe,Orthostatic test,"verenpaineen mittaus, istuen, maaten ja seisten (ortosaattinen koe)",1,2009-01-01T00:00:00Z,2099-12-31T00:00:00Z,2016-02-29T00:00:00Z
SPAT1229,6268,0.102526%,Apuvälinetarpeen arviointi,Assessment of need for aid,apuvälineen käyttötarpeen arviointi lausuntoineen ja lähetteineen,1,2009-01-01T00:00:00Z,2099-12-31T00:00:00Z,2016-02-29T00:00:00Z
SPAT1316,6175,0.101005%,Laaja lasten ja nuorten terveystarkastus,Extensive health check-up of children and adolescents,Alle kouluikäisen lapsen ja oppilaan laajaan terveystarkastukseen sisältyy huoltajien haastattelu ja koko perheen hyvinvoinnin selvittäminen niiltä osin kuin se on välttämätöntä hoidon ja tuen järjestämisen kannalta. Pl. lastensuojelulain mukainen lapsen terveydentilan tutkiminen SPAT1320,1,2009-01-01T00:00:00Z,2014-12-31T00:00:00Z,2014-07-12T00:00:00Z
SPAT1311,6063,0.099173%,Työterveyteen liittyvä neuvonta ja ohjaus,Counselling and guidance related to occupational health,"työterveyteen liittyvä neuvonta ja ohjaus, joka sisältää työssäjaksamisen, työergonomian, työympäristön yms.",1,2009-01-01T00:00:00Z,2099-12-31T00:00:00Z,2016-02-29T00:00:00Z
SPAT1028,5824,0.095263%,Nenän sivuonteloiden ultraäänitutkimus,Ultrasound examination of paranasal sinuses,vastaanotolla tehty nenän sivuonteloiden ultraäänitutkimus,1,2009-01-01T00:00:00Z,2017-12-31T00:00:00Z,2017-12-05T00:00:00Z
SPAT1220,5702,0.093268%,Kuntoutustarpeen arvio ja/tai kuntoutussuunnitelma,Assessment of need for rehabilitation and/or rehabilitation plan,"asetus 1015/1991: kuntoutussuunnitelmassa määritellään yhdessä kuntoutujan kanssa tarpeelliset kuntoutustoimenpiteet ottaen huomioon sosiaalihuollon, työvoima- ja opetusviranomaisten sekä kansaneläkelaitoksen ja muiden kuntoutusta järjestävien tahojen palvelut ja yhteensovitetaan terveydenhuollon lääkinnälliset kuntoutuspalvelut näiden tahojen järjestämän kuntoutuksen kanssa. sisältää moniammatillisen, sekä fyysisen, psyykkisen että sosiaalisen kuntoutustarpeen arvioinnin",1,2009-01-01T00:00:00Z,2099-12-31T00:00:00Z,2016-02-29T00:00:00Z
SPAT1058,5642,0.092286%,PEF-seurantaopetus,PEF monitoring instruction,uloshengityksen huippuvirtausmittauksen ohjaus kotimittauksia varten,1,2009-01-01T00:00:00Z,2099-12-31T00:00:00Z,2016-02-29T00:00:00Z
SPAT1043,5593,0.091485%,Audiometria,Audiometry,audiometria,1,2009-01-01T00:00:00Z,2099-12-31T00:00:00Z,2016-02-29T00:00:00Z
SPAT1081,5543,0.090667%,Kardiorespiratorinen kokonaisarvio,Cardiorespiratory global assessment,"tutkimuksella tarkoitetaan esim. vuosittain tapahtuvaa, tavanomaista vastaanottokäyntiä perusteellisempaa sydän- tai keuhkosairauspotilaan tai verenpainepotilaan tutkimusta tai akuuttitilanteessa tehtyä sydämen ja keuhkojen tilan arviota, jossa otetaan kantaa tarvittaviin laboratoriokokeisiin ja radiologisiin tutkimuksiin.",1,2009-01-01T00:00:00Z,2099-12-31T00:00:00Z,2016-02-29T00:00:00Z
SPAT1243,5476,0.089571%,Psykiatrinen/psykologinen tutkimus,Psychiatric/psychological examination,"potilaan kertaluontoinen psykologinen tai psykiatrinen tutkimus tiettyä tarkoitusta varten esim. pyydettyä arviota, hoidon suunnittelua tai konsultointia varten",1,2009-01-01T00:00:00Z,2099-12-31T00:00:00Z,2016-02-29T00:00:00Z
SPAT1363,5456,0.089244%,"Ensimmäisenä opiskeluvuonna tehty terveystarkastus lukion, ammatillisen oppilaitoksen ym. opiskelijalle","Health check-up performed during first study year in students of upper secondary schools, vocational schools etc.","ensimmäisenä opiskeluvuonna tehty terveystarkastus lukion, ammatillisen oppilaitoksen ym. asetuksen (338/2011) 9§ 5 kohdan mukaiselle opiskelijalle",1,2012-01-01T00:00:00Z,2099-12-31T00:00:00Z,2016-02-29T00:00:00Z
SPAT1215,5293,0.086578%,Lääkinnällisen kuntoutustarpeen arviointi,Assessment of need for medical rehabilitation,"esim. kuntoutustoimenpiteiden suunnitelma, joka ei täytä asetuksessa (1015/1991) annettuja kuntoutussuunnitelman laatimisen määrittelyä Huom. Sisältää myös mielenterveys- ja päihdekuntoutuksen tarpeen arvioinnit",1,2009-01-01T00:00:00Z,2099-12-31T00:00:00Z,2016-08-31T00:00:00Z
SPAT1238,5284,0.086431%,Lyhytterapia,Brief therapy,erilaiset suunnitellut lyhytterapiakontaktit,1,2009-01-01T00:00:00Z,2017-12-31T00:00:00Z,2017-12-05T00:00:00Z
SPAT1225,5221,0.085400%,Jalkaterapeuttisen kuntoutussuunnitelman toteuttaminen,Implementation of podiatry rehabilitation plan,jalkaterapian alaan kuuluvien sairaudenhoidon toimenpiteiden suorittaminen,1,2009-01-01T00:00:00Z,2017-12-31T00:00:00Z,2017-12-05T00:00:00Z
SPAT1125,5100,0.083421%,Avannehoito ja -ohjaus,Stoma care and guidance,avannehoito ja -ohjaus sisältäen ympäröivän ihon hoidon opastuksen,1,2009-01-01T00:00:00Z,2099-12-31T00:00:00Z,2016-02-29T00:00:00Z
SPAT1309,4650,0.076060%,Päihteisiin/riskikäyttäytymiseen liittyvä ohjaus,Guidance related to psychoactive substances / risk behaviour,"päihteisiin, tupakkaan ja muuhun riskikäyttäytymiseen liittyvä neuvonta ja ohjaus",1,2009-01-01T00:00:00Z,2099-12-31T00:00:00Z,2016-02-29T00:00:00Z
SPAT1265,4490,0.073443%,Alkometri,Breathalyser,alkometritestin teettäminen potilaalla,1,2009-01-01T00:00:00Z,2099-12-31T00:00:00Z,2016-02-29T00:00:00Z
SPAT1059,4472,0.073149%,Spirometrinen tutkimus vastaanotolla,Spirometry at the office,keuhkojen hengitystilavuuden mittaus vastaanotolla (spirometria) Huom. Ei sisällä laboratorio-olosuhteissa tehtäviä spirometrioita.,1,2009-01-01T00:00:00Z,2017-12-31T00:00:00Z,2017-12-05T00:00:00Z
SPAT1237,4179,0.068356%,Psykoterapia,Psychotherapy,suunniteltu psykoterapiahoito koulutetun terapeutin antamana,1,2009-01-01T00:00:00Z,2099-12-31T00:00:00Z,2016-02-29T00:00:00Z
SPAT1285,4082,0.066769%,Konsultaatiovastauksen antaminen,Provision of consultation response,"konsultoitava ammattihenkilö arvioi potilaan tilan ja kirjaa toimenpiteen tilanteissa, joissa toinen terveydenhuollon ammattihenkilö kysyy neuvoa",1,2009-01-01T00:00:00Z,2017-12-31T00:00:00Z,2017-12-05T00:00:00Z
SPAT1016,4072,0.066606%,Näön tutkiminen,Examination of vision,näön tutkiminen näkötaululla (visus) ja/tai näkökenttätutkimukset,1,2009-01-01T00:00:00Z,2099-12-31T00:00:00Z,2016-02-29T00:00:00Z
SPAT1157,4055,0.066328%,Suun ja limakalvojen hoitoon liittyvä ohjaus,Guidance concerning treatment of mouth and mucous membranes,suun ja limakalvojen hoitoon liittyvä ohjaus,1,2009-01-01T00:00:00Z,2099-12-31T00:00:00Z,2016-02-29T00:00:00Z
SPAT1357,3976,0.065036%,Raskaudenaikaisen ongelman seuranta,Monitoring of problem during pregnancy,"Neuvolan seurantakäynti raskausajan ongelmien vuoksi esim. supistukset, sokeri.",1,2011-01-01T00:00:00Z,2014-12-31T00:00:00Z,2014-07-12T00:00:00Z
SPAT1203,3895,0.063711%,Injektiohoito muualle kuin lihaksiin tai ihon alle,"Injection therapy, other than intramuscular or subcutaneous","lääkkeen tai diagnostisen aineen ruiskuttaminen pehmytosakudokseen (muualle kuin ihoon, ihon alle tai lihakseen) sisään",1,2009-01-01T00:00:00Z,2017-12-31T00:00:00Z,2017-12-05T00:00:00Z
SPAT1202,3717,0.060799%,Nivelinjektio,Intra-articular injection,"lääkkeen tai diagnostisen aineen ruiskuttaminen nivelen nivelkapselin sisään Huom. Mikäli toimenpide tehdään useampiin niveliin samalla vastanotolla, toimenpide merkitään vain kerran.",1,2009-01-01T00:00:00Z,2099-12-31T00:00:00Z,2016-08-31T00:00:00Z
SPAT1246,3678,0.060161%,Depression tai muun psyykkisen ongelman seulonta,Screening of depression or other psychiatric problem,"psyykkisen ongelman seulominen standardoidulla menetelmällä: DEPS, BDI, MDQ, EDPS,HADS",1,2009-01-01T00:00:00Z,2099-12-31T00:00:00Z,2016-02-29T00:00:00Z
SPAT1217,3640,0.059540%,Palvelutarpeen arviointi (iäkkäät/hoitotuki),Assessment of need for services (elderly/care support),hoitotukea saavalle tai yli 75-vuotiaalle tehtävä sosiaalipalvelutarpeen arviointi,1,2009-01-01T00:00:00Z,2099-12-31T00:00:00Z,2016-02-29T00:00:00Z
SPAT1227,3637,0.059491%,Päihdekuntoutus,Substance abuse rehabilitation,päihderiippuvuuden hoitoon annettava toiminnallinen yksilö- tai ryhmässä tapahtuva avokuntoutus,1,2009-01-01T00:00:00Z,2099-12-31T00:00:00Z,2016-02-29T00:00:00Z
SPAT1299,3532,0.057773%,Muu jalkaterapianimikkeistön mukainen toiminto,Other function in accordance with podiatry nomenclature,SPAT-luokittelematon jalkaterapianimikkeistön mukainen toiminto,1,2009-01-01T00:00:00Z,2017-12-31T00:00:00Z,2017-12-05T00:00:00Z
SPAT1008,3340,0.054633%,Silmänpohjan valokuvaus tai kuvan tulkinta,Photography of fundus of the eye or interpretation of photograph,silmänpohjan valokuvaus tai silmänpohjakuvan tulkinta,1,2009-01-01T00:00:00Z,2099-12-31T00:00:00Z,2016-02-29T00:00:00Z
SPAT1210,3303,0.054027%,Kipsin tai yksilöllisen tuen asetus,Application of cast or individual aid,kiinteän lastan tai sidoksen asennus ilman murtuman tai nivelen sijoiltaamenon paikalleenasetusta,1,2009-01-01T00:00:00Z,2099-12-31T00:00:00Z,2016-02-29T00:00:00Z
SPAT1380,3177,0.051966%,Synnytyksen jälkitarkastus,Postpartum check-up,synnytyksen jälkeen tehtävä jälkitarkastus,1,2015-01-01T00:00:00Z,2099-12-31T00:00:00Z,2016-02-29T00:00:00Z
SPAT1226,3074,0.050282%,Toimintaterapeuttisen kuntoutussuunnitelman toteuttaminen,Implementation of occupational therapy rehabilitation plan,toimintaterapian alaan kuuluvien sairaudenhoidon toimenpiteiden suorittaminen,1,2009-01-01T00:00:00Z,2017-12-31T00:00:00Z,2017-12-05T00:00:00Z
SPAT1190,3067,0.050167%,Kohdunsisäisen ehkäisimen asettaminen tai poisto,Insertion or removal of intrauterine contraceptive device,kohdunsisäisen ehkäisimen asettaminen tai poisto,1,2009-01-01T00:00:00Z,2099-12-31T00:00:00Z,2016-02-29T00:00:00Z
SPAT1195,2945,0.048172%,Perhevalmennus,Antenatal classes,perhe- ja synnytysvalmennus perhe- tai ryhmätilaisuutena,1,2009-01-01T00:00:00Z,2099-12-31T00:00:00Z,2016-02-29T00:00:00Z
SPAT1141,2842,0.046487%,Iho- tai limakalvomuutoksen poisto,Excision of skin or mucous membrane lesion,ihon tai limakalvon paikallisen muutoksen poisto osittain tai kokonaan,1,2009-01-01T00:00:00Z,2099-12-31T00:00:00Z,2016-02-29T00:00:00Z
SPAT1284,2715,0.044409%,Laaja todistus terveydentilasta terveydentilasta,Extensive health certificate,"laaja lääkärinlausunto mm. työkyvyn arvioimiseksi tai hoito- tai vammaistuen hakemiseksi Huom. Perustuu potilaan ja hänen asiakirjojensa perusteelliseen tarkasteluun, joka työmäärältään vastaa normaalia ajanvarauskäyntiä. B-, C- ja E-todistus sekä vapaamuotoiset todistukset.",1,2009-01-01T00:00:00Z,2099-12-31T00:00:00Z,2016-08-31T00:00:00Z
SPAT1138,2690,0.044000%,Suoliston toimintaan liittyvä ohjaus,Guidance concerning bowel function,suoliston toimintaan liittyvä ohjaus,1,2009-01-01T00:00:00Z,2017-12-31T00:00:00Z,2017-12-05T00:00:00Z
SPAT1364,2669,0.043657%,"Toisena opiskeluvuonna tehty terveystarkastus lukion, ammatillisen oppilaitoksen ym. opiskelijalle","Health check-up performed during second study year in students of upper secondary schools, vocational schools etc.","toisena opiskeluvuonna tehty terveystarkastus lukion, ammatillisen oppilaitoksen ym. asetuksen (338/2011) 9§ 5 kohdan mukaiselle opiskelijalle",1,2012-01-01T00:00:00Z,2099-12-31T00:00:00Z,2016-02-29T00:00:00Z
SPAT1224,2542,0.041580%,Puheterapeuttisen kuntoutussuunnitelman toteuttaminen,Implementation of speech therapy rehabilitation plan,puheterapian alaan kuuluvien sairaudenhoidon toimenpiteiden suorittaminen,1,2009-01-01T00:00:00Z,2017-12-31T00:00:00Z,2017-12-05T00:00:00Z
SPAT1273,2516,0.041154%,Päihteiden/tupakan käytön strukturoitu kartoitus,Structured assessment of psychoactive substance / tobacco use,"esim. Audit-kysely, Fagerströmin testi",1,2009-01-01T00:00:00Z,2099-12-31T00:00:00Z,2016-02-29T00:00:00Z
SPAT1083,2501,0.040909%,IV-nestehoidon aloitus ja seuranta,Initiation and monitoring of IV fluid therapy,"intravenoosin kanyylin laitto, nestehoidon aloitus ja seuranta",1,2009-01-01T00:00:00Z,2099-12-31T00:00:00Z,2016-02-29T00:00:00Z
SPAT1147,2496,0.040827%,Ihomuutoksen tuhoaminen ulkoisilla menetelmillä,Destruction of skin lesion with external methods,"ihomuutoksen tuhoaminen jäädyttämällä, polttamalla, hiomalla tai penslaamalla",1,2009-01-01T00:00:00Z,2099-12-31T00:00:00Z,2016-02-29T00:00:00Z
SPAT1257,2450,0.040075%,Lääkeinhalaatiotekniikan opetus,Teaching of medicine inhalation technique,lääkeinhalaatiotekniikan opetus,1,2009-01-01T00:00:00Z,2099-12-31T00:00:00Z,2016-02-29T00:00:00Z
SPAT1389,2446,0.040009%,Erityisen tuen tarpeen mukainen käynti,Visit based on need for special support,"erityisen tuen tarpeen selvittämiseksi tai tuen järjestämiseksi tehdyt toimenpiteet lisäkäynnin aikana Huom. Esimerkiksi tuen tarpeen selvittäminen tai tuen järjestäminen pitkäaikaisen sairauden tai toimintakyvyn aleneman vuoksi, voinnin selvittely ja tukeminen mielialaan, psykosomaattiseen oireiluun, perhe-, koulu- tai kaveritilanteeseen liittyvissä tilanteissa. Erityisen tuen tarve on selvitettävä, jos alle kouluikäisessä lapsessa, oppilaassa, opiskelijassa, perheessä tai ympäristössä on tekijöitä, joka voivat vaarantaa tervettä kasvua ja kehitystä. Ks. asetus 338/2011,  13 §.",1,2015-01-01T00:00:00Z,2099-12-31T00:00:00Z,2016-08-31T00:00:00Z
SPAT1276,2444,0.039977%,Hoitolinjaus potilaan tai hänen omaistensa kanssa,Outlining of treatment with patient or their family members,"keskustelu potilaan ja/tai hänen läheistensä kanssa hoidon toteuttamisesta Huom. Sisältää myös hoitotahdon ilmaukset, hoidon rajaukset sekä esim. elintestamentin.",1,2009-01-01T00:00:00Z,2017-12-31T00:00:00Z,2017-12-05T00:00:00Z
SPAT1368,2061,0.033712%,Työterveyshuollon määräaikaistarkastus,Periodic check-up in occupational healthcare,"terveystarkastus, jossa selvitetään, arvioidaan ja seurataan työperäisiä terveyshaittoja, työntekijän terveydentilaa sekä työ- ja toimintakykyä Huom. Sisältää myös työhöntulotarkastuksen.",1,2012-01-01T00:00:00Z,2099-12-31T00:00:00Z,2016-08-31T00:00:00Z
SPAT1189,1825,0.029852%,Muu raskaudenaikainen ultraäänitutkimus,Other ultrasound examination during pregnancy,"muu raskaudenaikainen ultraäänitutkimus, joka ei liity sikiön poikkeavuuksien seulontaan",1,2009-01-01T00:00:00Z,2099-12-31T00:00:00Z,2016-02-29T00:00:00Z
SPAT1370,1811,0.029623%,Muu terveystarkastus,Other health check-up,"perustarkastus asiakkaan terveydentilan selvittämiseksi, esim. T-todistus",1,2013-01-01T00:00:00Z,2099-12-31T00:00:00Z,2016-02-29T00:00:00Z
SPAT1272,1780,0.029116%,Huumeseulonta,Drug screening,huumepikatestin tai työterveyshuollon huumetestin teettäminen potilaalla,1,2009-01-01T00:00:00Z,2099-12-31T00:00:00Z,2016-02-29T00:00:00Z
SPAT1266,1666,0.027251%,Toimenpiteeseen valmistava erillinen ohjaus,Separate instruction to prepare for procedure,tutkimukseen tai toimenpiteeseen valmistaminen muulloin kuin välittömästi ennen sen suorittamista,1,2009-01-01T00:00:00Z,2017-12-31T00:00:00Z,2017-12-05T00:00:00Z
SPAT1303,1656,0.027087%,Kasvuun ja kehitykseen liittyvä neuvonta ja ohjaus,Counselling and guidance related to growth and development,fyysiseen kasvuun ja neurologiseen ja psyykkiseen kehitykseen liittyvä neuvonta ja ohjaus,1,2009-01-01T00:00:00Z,2099-12-31T00:00:00Z,2016-02-29T00:00:00Z
SPAT1366,1643,0.026875%,"Yliopistossa, ammattikorkeakoulussa tms. opiskelevalle terveyskyselyn perusteella tehty terveystarkastus","Health check-up performed based on health survey in students of universities, universities of applied sciences etc.","terveystarkastus, joka on tehty terveyskyselyn perusteella yliopistossa, ammattikorkeakoulussa tai muussa asetuksen (338/2011) 9§ 6) kohdan mukaisessa oppilaitoksessa opiskelevalle",1,2012-01-01T00:00:00Z,2099-12-31T00:00:00Z,2016-02-29T00:00:00Z
SPAT1321,1599,0.026155%,Asevelvollisen terveystarkastus,Health examination of person liable for military service,puolustusvoimien ohjeen ja lomakkeen mukainen terveystarkastus,1,2009-01-01T00:00:00Z,2099-12-31T00:00:00Z,2016-02-29T00:00:00Z
SPAT1282,1593,0.026057%,Ajokyvyn arviointi ja lausunto,Assessment of ability to drive and opinion,"tavanomainen ajokyvyn arviointi lausuntoineen, esim. ajokorttitodistusta varten Huom. Tehtyjä tutkimustoimenpiteitä ei kirjata erikseen.",1,2009-01-01T00:00:00Z,2099-12-31T00:00:00Z,2016-02-29T00:00:00Z
SPAT1291,1468,0.024012%,Muu NCSP-luokituksen mukainen toiminto,Other function in accordance with NCSP classification,SPAT-luokittelematon NCSP toiminto,1,2009-01-01T00:00:00Z,2017-12-31T00:00:00Z,2017-12-05T00:00:00Z
SPAT1221,1466,0.023979%,Kuntoutuspalveluita ja toimeentuloa koskeva ohjaus,Guidance concerning rehabilitation services and livelihood,"terveyssosiaalityön alaan kuuluva kuntoutuspalveluita ja toimeentulon turvaamista koskeva neuvonta ja ohjaus, toteuttajasta riippumatta",1,2009-01-01T00:00:00Z,2099-12-31T00:00:00Z,2016-02-29T00:00:00Z
SPAT1050,1459,0.023865%,Perusteellinen neurologinen tutkimus,Extensive neurological examination,perusteellinen neurologinen tutkimus todettujen oireiden perusteella,1,2009-01-01T00:00:00Z,2099-12-31T00:00:00Z,2016-02-29T00:00:00Z
SPAT1181,1395,0.022818%,Kohdun ja sivuelinten ultraäänitutkimus,Ultrasound examination of uterus and uterine appendages,vastaanotolla tehty intravaginaalinen ultraäänitutkimus,1,2009-01-01T00:00:00Z,2099-12-31T00:00:00Z,2016-02-29T00:00:00Z
SPAT1151,1389,0.022720%,Suurten haavojen hoito,Treatment of major wounds,"sellaisten haavojen hoito, joihin liittyy vaikeita tai työläitä, aikaa vieviä revisioita tai sulku useammassa kerroksessa Huom. Sisältää myös ihosuikaleiden tai -kielekkeiden käytön.",1,2009-01-01T00:00:00Z,2099-12-31T00:00:00Z,2016-08-31T00:00:00Z
SPAT1131,1385,0.022655%,Paksusuolen tähystys,Colonoscopy,"koko paksusuolen tähystys, kolonoskopia",1,2009-01-01T00:00:00Z,2099-12-31T00:00:00Z,2016-02-29T00:00:00Z
SPAT1298,1336,0.021853%,Muu ravitsemusterapianimikkeistön mukainen toiminto,Other function in accordance with nutritional therapy nomenclature,SPAT-luokittelematon ravitsemusterapianimikkeistön mukainen toiminto,1,2009-01-01T00:00:00Z,2017-12-31T00:00:00Z,2017-12-05T00:00:00Z
SPAT1323,1333,0.021804%,Terveystarkastus terveysuhkaa aiheuttavassa työssä,Health check-up related to work causing occupational hazard,"terveystarkastus erityistä sairastumisen vaaraa aiheuttavassa työssä (melut, kemikaalit ym)",1,2009-01-01T00:00:00Z,2099-12-31T00:00:00Z,2016-02-29T00:00:00Z
SPAT1213,1331,0.021771%,Ryhtivirheen tutkimus,Examination of postural anomaly,mittaukset ryhtivirheen toteamiseksi ja seurannaksi Huom. Sisältää seulontamittaukset.,1,2009-01-01T00:00:00Z,2099-12-31T00:00:00Z,2016-08-31T00:00:00Z
SPAT1146,1306,0.021362%,Paiseen puhkaisu tai ihon aukaisu,Puncture of abscess or incision of skin,"paiseen, verenpurkauman tai nestekertymän puhkaisu tai muu ihon aukaisu",1,2009-01-01T00:00:00Z,2099-12-31T00:00:00Z,2016-02-29T00:00:00Z
SPAT1200,1287,0.021052%,Imetyksen ja rintojen hoidon ohjaus,Guidance for breast-feeding and breast care,imetyksen opetus ja rintojen hoidon ohjaus,1,2009-01-01T00:00:00Z,2099-12-31T00:00:00Z,2016-02-29T00:00:00Z
SPAT1335,1273,0.020823%,"Jatkohoidon suunnitelma, jatkohoidon järjestäminen","Plan for further care, organisation of further care",muu jatkohoidon suunnitelman laatiminen ja jatkohoidon järjestäminen,1,2009-01-01T00:00:00Z,2099-12-31T00:00:00Z,2016-02-29T00:00:00Z
SPAT1322,1264,0.020675%,Työhönsijoitustarkastus,Pre-employment physical examination,työhön tullessa tehtävä ensimmäinen terveystarkastus tai uudelleensijoitustarkastus,1,2009-01-01T00:00:00Z,2099-12-31T00:00:00Z,2016-02-29T00:00:00Z
SPAT1359,1261,0.020626%,Oirepäiväkirjan käyttö,Use of symptom diary,sisältää oirepäiväkirjan käytön opastuksen tai päiväkirjan tietojen tulkinnan,1,2011-01-01T00:00:00Z,2099-12-31T00:00:00Z,2016-02-29T00:00:00Z
SPAT1044,1222,0.019988%,Tympanometria,Tympanometry,tympanometriatutkimus,1,2009-01-01T00:00:00Z,2099-12-31T00:00:00Z,2016-02-29T00:00:00Z
SPAT1247,1219,0.019939%,Avokatkaisuhoito ja seuranta,Outpatient detoxication and monitoring,"suunnitelmallisesti tapahtuva avokatkaisuhoidon toistuva kontakti päihderiippuvuuden katkaisemiseksi tai hallitsemiseksi Huom. Voi sisältää useita erilaisia toimintoja (mm. neuvontaa, valvontaa, lääkkeiden antoa, näytteiden ottoa, ajokyvyn seuranta).",1,2009-01-01T00:00:00Z,2099-12-31T00:00:00Z,2016-08-31T00:00:00Z
SPAT1342,1207,0.019743%,Lähete erikoissairaanhoitoon,Referral to specialised care,sisältää myös konsultaatiopyynnön,1,2009-01-01T00:00:00Z,2099-12-31T00:00:00Z,2016-02-29T00:00:00Z
SPAT1152,1201,0.019645%,Ihon alle jääneen vierasesineen poisto,Removal of foreign body from under the skin,ihon alle jääneen vierasesineen poisto,1,2009-01-01T00:00:00Z,2099-12-31T00:00:00Z,2016-02-29T00:00:00Z
SPAT1399,1192,0.019498%,Avioliiton ulkopuolella syntyvän lapsen isyyden tunnustamisen vastaanottaminen äitiysneuvolassa ennen lapsen syntymää. Isyyslaki 16 §,"Acceptance of acknowledgement of paternity of child born outside of marriage before the birth of the child at the maternity clinic. Paternity Act, Section 16.","avioliiton ulkopuolella syntyvän lapsen isyyden tunnustamisen vastaanottaminen äitiysneuvolassa ennen lapsen syntymää Huom. Tunnustamisen voi vastaanottaa äitiysneuvolan terveydenhoitaja tai kätilö niissä tilanteissa, joissa isyyslain 11/2015 16 §:n mukaisesti ei ole syytä kieltäytyä isyyden tunnustamisen vastaanottamisesta.",1,2016-01-01T00:00:00Z,2099-12-31T00:00:00Z,2016-08-31T00:00:00Z
SPAT1130,1187,0.019416%,"Esofago-, gastro- ja duodenoskopia","Esophagoscopy, gastroscopy and duodenoscopy","ruokatorven, vatsan ja/tai ohutsuolen tähystys",1,2009-01-01T00:00:00Z,2099-12-31T00:00:00Z,2016-02-29T00:00:00Z
SPAT1241,1157,0.018925%,Psykososiaalisen tilanteen laaja kartoitus,Extensive assessment of psychosocial situation,tarkoittaa arviointia palveluasumistarpeesta tai pitkäaikaislaitoshoidon tarpeesta tai lapsen huostaanotosta,1,2009-01-01T00:00:00Z,2099-12-31T00:00:00Z,2016-02-29T00:00:00Z
SPAT1106,1148,0.018778%,Akupunktio,Acupuncture,akupunktiohoito,1,2009-01-01T00:00:00Z,2099-12-31T00:00:00Z,2016-02-29T00:00:00Z
SPAT1057,1133,0.018533%,Uloshengityksen huippuvirtausmittaus,Peak expiratory flow measurement,uloshengityksen huippuvirtausmittaus (PEF),1,2009-01-01T00:00:00Z,2099-12-31T00:00:00Z,2016-02-29T00:00:00Z
SPAT1054,1068,0.017469%,Perifeerisen hermoston tutkiminen,Examination of peripheral nervous system,perifeerisen hermoston tutkimus sisältäen monofilamenttitutkimuksen,1,2009-01-01T00:00:00Z,2017-12-31T00:00:00Z,2017-12-05T00:00:00Z
SPAT1352,1051,0.017191%,"Kuulolaitteen tarkastus, huolto ja käytön ohjaus","Inspection, maintenance and instruction for use of hearing aid",erillisen kuulolaitteen toiminnan testaus ja huolto sekä käytön opastus,1,2011-01-01T00:00:00Z,2099-12-31T00:00:00Z,2016-02-29T00:00:00Z
SPAT1231,1003,0.016406%,Arvio elinympäristössä tarvittavista muutostöistä,Assessment of adjustments needed in living environment,"kartoitus potilaan elinympäristössä (kotona, koulussa, tms.) tarvittavista muutostöistä lausuntoineen",1,2009-01-01T00:00:00Z,2017-12-31T00:00:00Z,2017-12-05T00:00:00Z
SPAT1039,975,0.015948%,Otomikroskopia,Otomicroscopy,tärykalvon tilan tarkastelu otomikroskopialla,1,2009-01-01T00:00:00Z,2017-12-31T00:00:00Z,2017-12-05T00:00:00Z
SPAT1099,965,0.015785%,Verenpaineen mittaus Doppler-ultraäänilaitteen avulla,Measurement of blood pressure with Doppler ultrasound device,verenpaineen mittaus Doppler-ultraäänilaitteen avulla,1,2009-01-01T00:00:00Z,2099-12-31T00:00:00Z,2016-02-29T00:00:00Z
SPAT1334,950,0.015539%,Ei jatkotoimenpidettä,No further measures,"ei tehty jatkohoitosuunnitelmaa tämän kontaktin perusteella, asiakas ottaa tarvittaessa yhteyttä",1,2009-01-01T00:00:00Z,2099-12-31T00:00:00Z,2016-02-29T00:00:00Z
SPAT1267,870,0.014231%,Siedätyshoito,Desensitisation,siedätyshoidon suunnittelu ja toteutus,1,2009-01-01T00:00:00Z,2099-12-31T00:00:00Z,2016-02-29T00:00:00Z
SPAT1339,863,0.014116%,Uusi vastaanottoaika,New appointment,sisältää sopimuksen hoito- tai tarkastusohjelmaan kuuluvasta uudesta käynnistä,1,2009-01-01T00:00:00Z,2099-12-31T00:00:00Z,2019-03-05T00:00:00Z
SPAT1127,849,0.013887%,Peräruiske,Enema,"suolen tyhjentäminen peräruiskeella tai mekaanisesti ulostekovettuman vuoksi tai toimenpidettä varten, sekä peräruiskeen käytön ohjaus",1,2009-01-01T00:00:00Z,2099-12-31T00:00:00Z,2016-02-29T00:00:00Z
SPAT1098,839,0.013724%,Rasitus-EKG,Exercise ECG,rasitus-EKG lääkärin valvonnassa ja sen tulkinta,1,2009-01-01T00:00:00Z,2017-12-31T00:00:00Z,2017-12-05T00:00:00Z
SPAT1042,769,0.012579%,Tasapainon ylläpitoon liittyvä ohjaus,Guidance concerning balance maintenance,fyysisen tasapainon ylläpitoon ja tasapainoharjoituksiin liittyvä ohjaus,1,2009-01-01T00:00:00Z,2099-12-31T00:00:00Z,2016-02-29T00:00:00Z
SPAT1259,739,0.012088%,Lausunto natiivikuvista,Opinion on plain films,erillinen radiologin lausunto natiivikuvista,1,2009-01-01T00:00:00Z,2017-12-31T00:00:00Z,2017-12-05T00:00:00Z
SPAT1296,731,0.011957%,Muu toimintaterapianimikkeistön mukainen toiminto,Other function in accordance with occupational therapy nomenclature,SPAT-luokittelematon toimintaterapianimikkeistön mukainen toiminto,1,2009-01-01T00:00:00Z,2017-12-31T00:00:00Z,2017-12-05T00:00:00Z
SPAT1164,683,0.011172%,Hemodialyysi,Haemodialysis,hemodialyysin toteutus ja/tai potilaan avustaminen ja ohjaus dialyysihoidon aikana,1,2009-01-01T00:00:00Z,2017-12-31T00:00:00Z,2017-12-05T00:00:00Z
SPAT1383,634,0.010370%,Laaja terveystarkastus neljän vuoden iässä,Extensive health check-up at 4 years of age,neljän vuoden ikäisen lapsen laaja terveystarkastus lastenneuvolassa Huom. Tähän terveystarkastukseen kuuluu myös lapsen vanhempien haastattelu ja koko perheen hyvinvoinnin selvittäminen niiltä osin kuin se on tarpeellista lapsen terveyden- ja sairaanhoidon tai tuen tarpeen arvioimiseksi sekä niiden järjestämiseksi ja toteuttamiseksi. Ks. asetus 338/2011.,1,2015-01-01T00:00:00Z,2099-12-31T00:00:00Z,2016-08-31T00:00:00Z
SPAT1228,632,0.010338%,Kasvatuksellisen kuntoutuksen terapiamuodot,Forms of educational rehabilitation therapy,"kasvatuksellisen kuntoutuksen erilaiset terapiat. mm. perhetyötä tai perheneuvolassa annettavaa terapiaa, toteuttajasta riippumatta",1,2009-01-01T00:00:00Z,2099-12-31T00:00:00Z,2016-02-29T00:00:00Z
SPAT1373,618,0.010109%,Varhaisraskauden yhdistelmäseulonta,Combined screening in early pregnancy,kromosomipoikkeavuuksien selvittäminen ensisijaisesti varhaisraskauden yhdistelmäseulonnan avulla (seerumiseulonta raskausviikolla 9+0-11+6 ja niskaturvotuksen mittaus yleisen ultraäänitutkimuksen yhteydessä raskausviikolla 11+0-13+6) (VNA 339/2011),1,2013-01-01T00:00:00Z,2099-12-31T00:00:00Z,2016-02-29T00:00:00Z
SPAT1264,615,0.010060%,Pikatesti vastaanotolla tai kotona,Quick test at office or at home,Pikatesti vastaanotolla tai kotona,1,2009-01-01T00:00:00Z,2010-12-31T00:00:00Z,2011-10-07T00:00:00Z
SPAT1384,590,0.009651%,Laaja terveystarkastus ensimmäisellä luokalla,Extensive health check-up on first grade,ensimmäisen luokan oppilaan laaja terveystarkastus kouluterveydenhuollossa Huom.Terveystarkastukseen kuuluu myös lapsen vanhempien haastattelu ja koko perheen hyvinvoinnin selvittäminen niiltä osin kuin se on tarpeellista lapsen terveyden- ja sairaanhoidon tai tuen tarpeen arvioimiseksi sekä näiden järjestämiseksi ja toteuttamiseksi. Ks. asetus 338/2011.,1,2015-01-01T00:00:00Z,2099-12-31T00:00:00Z,2016-08-31T00:00:00Z
SPAT1239,580,0.009487%,Perheterapia,Family therapy,perheelle ja lähiyhteisölle annettu suunnitelmallinen ryhmäterapiakontakti,1,2009-01-01T00:00:00Z,2099-12-31T00:00:00Z,2016-02-29T00:00:00Z
SPAT1391,575,0.009405%,Perhetilanteeseen liittyvä neuvonta ja ohjaus,Counselling and guidance related to family situation,"perheen ajankohtaiseen tilanteeseen liittyvä neuvonta ja ohjaus Huom. Ajankohtainen tilanne voi liittyä esim. perheenjäsenen sairastumiseen tai kuolemaan, perherakenteen muutokseen tai muuhun perheeseen liittyvään tilanteeseen tai kriisiin.  Ks. terveydenhuoltolaki 1326/2010 ja asetus 338/2011.",1,2015-01-01T00:00:00Z,2099-12-31T00:00:00Z,2016-02-29T00:00:00Z
SPAT1377,558,0.009127%,Unipolygrafiatutkimus,Polysomnography,uniapnea-/unipolygrafiatutkimus,1,2013-01-01T00:00:00Z,2017-12-31T00:00:00Z,2017-12-05T00:00:00Z
SPAT1009,557,0.009111%,Silmänpaineen mittaus,Measurement of intraocular pressure,silmänpaineen mittaus,1,2009-01-01T00:00:00Z,2099-12-31T00:00:00Z,2016-02-29T00:00:00Z
SPAT1293,555,0.009078%,Muu kuntoutusohjausnimikkeistön mukainen toiminto,Other function in accordance with rehabilitation guidance nomenclature,SPAT-luokittelematon kuntoutusohjausnimikkeistön mukainen toiminto,1,2009-01-01T00:00:00Z,2017-12-31T00:00:00Z,2017-12-05T00:00:00Z
SPAT1279,525,0.008587%,Välittömän sairaalahoidon valmistelu,Preparation of immediate hospitalisation,"toimet, jotka tehdään potilaan siirtyessä välittömästi joko terveyskeskussairaalaan, vanhainkotiin tai muuhun sairaalaan potilastietojen kirjaamisineen",1,2009-01-01T00:00:00Z,2017-12-31T00:00:00Z,2017-12-05T00:00:00Z
SPAT1204,520,0.008506%,Nivelpunktio,Arthrocentesis,"onton neulan pistäminen niveleen, esimerkiksi näytteenoton tai nesteen poiston vuoksi Huom. Ei sisällä pelkkää lääkkeenantoa varten tehtyä injektiota.",1,2009-01-01T00:00:00Z,2099-12-31T00:00:00Z,2016-08-31T00:00:00Z
SPAT1386,496,0.008113%,Laaja terveystarkastus kahdeksannella luokalla,Extensive health check-up on eighth grade,kahdeksannen luokan oppilaan laaja terveystarkastus kouluterveydenhuollossa Huom. Terveystarkastukseen kuuluu myös lapsen vanhempien haastattelu ja koko perheen hyvinvoinnin selvittäminen niiltä osin kuin se on tarpeellista lapsen terveyden- ja sairaanhoidon tai tuen tarpeen arvioimiseksi sekä näiden järjestämiseksi ja toteuttamiseksi sekä arvio oppilaan erityisistä tarpeista ammattivalinnan ja jatko-opiskelun kannalta sekä suunnitelma tarvittavista tukitoimista. Ks. asetus 338/2011.,1,2015-01-01T00:00:00Z,2099-12-31T00:00:00Z,2016-08-31T00:00:00Z
SPAT1051,482,0.007884%,Unihäiriöihin liittyvä ohjaus,Guidance regarding sleep disorders,unihäiriöihin liittyvä perusteellinen ohjaus ja neuvonta,1,2009-01-01T00:00:00Z,2099-12-31T00:00:00Z,2016-02-29T00:00:00Z
SPAT1375,478,0.007819%,"Rakenneuäseulonta, viikot 18+0-21+6","Structural ultrasound screening, weeks 18+0-21+6",ultraäänitutkimus vaikeiden rakennepoikkeavuuksien selvittämiseksi raskausviikolla 18+0-21+6 (VNA 339/2011),1,2013-01-01T00:00:00Z,2099-12-31T00:00:00Z,2016-02-29T00:00:00Z
SPAT1128,474,0.007753%,Lantionpohjan/sulkijalihasten harjoituksen ohjaus,Instruction of pelvic floor / sphincter exercises,lantiopohjan sulkijalihasten harjoituksen ohjaus,1,2009-01-01T00:00:00Z,2099-12-31T00:00:00Z,2016-02-29T00:00:00Z
SPAT1367,456,0.007459%,Yksilöllisestä tarpeesta johtuva terveystarkastus lukiossa tai ammatillisessa oppilaitoksessa opiskelevalle,Health check-up due to individual need in students of upper secondary schools or vocational schools,"terveystarkastus, joka on tehty yksilöllisen tarpeen vuoksi lukion, ammatillisen oppilaitoksen ym. asetuksen (338/2011) 9§ 5 kohdan mukaiselle opiskelijalle.",1,2012-01-01T00:00:00Z,2099-12-31T00:00:00Z,2016-02-29T00:00:00Z
SPAT1111,455,0.007442%,Kivunhoidon suunnittelu,Planning of analgesia,lääkkeellisen ja/tai lääkkeettömän kivunhoidon ohjaus ja suunnittelu,1,2009-01-01T00:00:00Z,2099-12-31T00:00:00Z,2016-02-29T00:00:00Z
SPAT1385,455,0.007442%,Laaja terveystarkastus viidennellä luokalla,Extensive health check-up on fifth grade,viidennen luokan oppilaan laaja terveystarkastus kouluterveydenhuollossa Huom. Terveystarkastukseen kuuluu myös lapsen vanhempien haastattelu ja koko perheen hyvinvoinnin selvittäminen niiltä osin kuin se on tarpeellista lapsen terveyden- ja sairaanhoidon tai tuen tarpeen arvioimiseksi sekä näiden järjestämiseksi ja toteuttamiseksi. Ks. asetus 338/2011.,1,2015-01-01T00:00:00Z,2099-12-31T00:00:00Z,2016-08-31T00:00:00Z
SPAT1074,449,0.007344%,Venesektio,Venesection,veren laskeminen laskimosuonesta (yleensä hemokromatoosin tai polysytemian hoidossa),1,2009-01-01T00:00:00Z,2099-12-31T00:00:00Z,2016-02-29T00:00:00Z
SPAT1168,444,0.007263%,Katetrointiopetus,Catheterisation training,kertakatetroinnin tai kestokatetrin hoidon opettaminen potilaalle,1,2009-01-01T00:00:00Z,2099-12-31T00:00:00Z,2016-02-29T00:00:00Z
SPAT1154,441,0.007213%,Ihonalaisen lääkeainekapselin asettaminen tai poisto,Insertion or removal of subcutaneous medicine capsule,ihonalaisen lääkeainekapselin asettaminen tai poisto,1,2009-01-01T00:00:00Z,2099-12-31T00:00:00Z,2016-02-29T00:00:00Z
SPAT1382,426,0.006968%,Laaja terveystarkastus kahdeksantoista kuukauden iässä,Extensive health check-up at 18 months of age,kahdeksantoista kuukauden ikäisen lapsen laaja terveystarkastus lastenneuvolassa Huom. Tähän terveystarkastukseen kuuluu myös lapsen vanhempien haastattelu ja koko perheen hyvinvoinnin selvittäminen niiltä osin kuin se on tarpeellista lapsen terveyden- ja sairaanhoidon tai tuen tarpeen arvioimiseksi sekä näiden järjestämiseksi ja toteuttamiseksi. Ks. asetus 338/2011.,1,2015-01-01T00:00:00Z,2099-12-31T00:00:00Z,2016-08-31T00:00:00Z
SPAT1187,416,0.006805%,Varhaisraskauden yleinen ultraäänitutkimus,General ultrasound examination in early pregnancy,varhaisraskauden yleinen ultraäänitutkimus raskausviikolla 10+0-13+6,1,2009-01-01T00:00:00Z,2099-12-31T00:00:00Z,2016-02-29T00:00:00Z
SPAT1070,411,0.006723%,Alaraajalaskimoiden verivirtauksen Doppler-ultraäänitutkimus,Doppler ultrasound examination of blood flow in arteries of lower extremity,vastaanotolla tehty alaraajojen laskimoiden verivirtauksen Doppler-kaikututkimus,1,2009-01-01T00:00:00Z,2099-12-31T00:00:00Z,2016-02-29T00:00:00Z
SPAT1381,409,0.006690%,Laaja terveystarkastus neljän kuukauden iässä,Extensive health check-up at 4 months of age,neljän kuukauden ikäisen lapsen laaja terveystarkastus lastenneuvolassa Huom. Tähän terveystarkastukseen kuuluu myös lapsen vanhempien haastattelu ja koko perheen hyvinvoinnin selvittäminen niiltä osin kuin se on tarpeellista lapsen terveyden- ja sairaanhoidon tai tuen tarpeen arvioimiseksi sekä niiden järjestämiseksi ja toteuttamiseksi. Ks. asetus 338/2011.,1,2015-01-01T00:00:00Z,2099-12-31T00:00:00Z,2016-08-31T00:00:00Z
SPAT1143,407,0.006657%,Kynnen poisto osittain tai kokonaan,Partial or complete excision of nail,kynnen poisto osittain tai kokonaan,1,2009-01-01T00:00:00Z,2099-12-31T00:00:00Z,2016-02-29T00:00:00Z
SPAT1041,385,0.006297%,Perusteellinen kuulontutkimus,Comprehensive hearing test,kuulontutkimus äänirautakokeineen ja audiometrian tulkinta Huom. Ei sisällä audiometriaa.,1,2009-01-01T00:00:00Z,2017-12-31T00:00:00Z,2017-12-05T00:00:00Z
SPAT1182,382,0.006248%,"Kohdun, sivuelinten ja alavatsan UÄ","Ultrasound examination of uterus, appendages and lower abdomen","vastaanotolla tehty ultraäänitutkimus, joka sisältää sekä intravaginaalisen että vatsanpeitteiden läpi tehdyn kohdun ja sen sivuelinten sekä alavatsan tutkimukset",1,2009-01-01T00:00:00Z,2017-12-31T00:00:00Z,2017-12-05T00:00:00Z
SPAT1236,375,0.006134%,Ensitiedon antaminen,Informing family of child’s disability,"muuttuneen elämäntilanteen kohtaaminen asiakkaan kanssa, esim. parantumattomasta tai vaikeasta pitkäaikaissairaudesta kertominen, läheisen kuolemasta tai katastrofista kertominen",1,2009-01-01T00:00:00Z,2017-12-31T00:00:00Z,2017-12-05T00:00:00Z
SPAT1297,374,0.006118%,Muu puheterapianimikkeistön mukainen toiminto,Other function in accordance with speech therapy nomenclature,SPAT-luokittelematon puheterapianimikkeistön mukainen toiminto,1,2009-01-01T00:00:00Z,2017-12-31T00:00:00Z,2017-12-05T00:00:00Z
SPAT1395,370,0.006052%,Opiskelu- ja työelämän ulkopuolella olevien terveystarkastus,Health check-up of persons outside student and working life,"opiskelu- ja työterveyshuollon ulkopuolelle jääville nuorille ja työikäisille sekä ikäihmisille tehtävä terveystarkastus Huom. Ks. terveydenhuoltolaki 1326/2010, 13 §.",1,2015-01-01T00:00:00Z,2099-12-31T00:00:00Z,2016-08-31T00:00:00Z
SPAT1341,365,0.005970%,Ohjaus lääkärille  tai hammaslääkärille,Referral to physician or dentist,ohjaus lääkärille tai hammaslääkärille,1,2009-01-01T00:00:00Z,2099-12-31T00:00:00Z,2019-03-05T00:00:00Z
SPAT1242,358,0.005856%,Traumaterapia,Trauma therapy,"traumaattisen kokemuksen jälkeen järjestettävä purkuterapia (debriefing), lyhyt kriisiterapia, EMDR-terapia",1,2009-01-01T00:00:00Z,2099-12-31T00:00:00Z,2016-02-29T00:00:00Z
SPAT1269,353,0.005774%,Muu punktio ja/tai nesteenpoisto,Other puncture and/or drainage,"punktio ja siihen liittyvä nesteenpoisto sijaintipaikasta riippumatta Huom. Ei sisällä nivelpunktiota, poskiontelopunktiota ja pleurapunktiota.",1,2009-01-01T00:00:00Z,2017-12-31T00:00:00Z,2017-12-05T00:00:00Z
SPAT1387,352,0.005758%,"Ensimmäisen opiskeluvuoden terveyskysely, korkea aste","Health survey during first study year, university level",ensimmäisenä opiskeluvuonna ammattikorkeakoulussa ja yliopistossa tai vastaavaan tutkintoon johtavassa koulutuksessa olevalle opiskelijalle tehtävä terveys- ja hyvinvointitilanteen arviointi terveyskyselyn perusteella ilman vastaanottoa Huom. Ks. asetus 338/2011.,1,2015-01-01T00:00:00Z,2099-12-31T00:00:00Z,2016-08-31T00:00:00Z
SPAT1392,351,0.005741%,Parisuhteeseen liittyvä neuvonta ja ohjaus,Counselling and guidance related to couple relationship,"parisuhteeseen liittyvä neuvonta ja ohjaus, joka voi liittyä esim. erimielisyyksien ratkaisuun, rooleihin ja parisuhteen hoitamiseen Huom. Ks. terveydenhuoltolaki 1326/2010 ja asetus 338/2011.",1,2015-01-01T00:00:00Z,2099-12-31T00:00:00Z,2016-08-31T00:00:00Z
SPAT1313,344,0.005627%,Tapaturmien ehkäisyyn liittyvä ohjaus ja neuvonta,Guidance and counselling related to accident prevention,henkilökohtaisten suojainten käytön opastus ja muu tapaturmien ehkäisyyn liittyvä ohjaus ja neuvonta,1,2009-01-01T00:00:00Z,2099-12-31T00:00:00Z,2016-02-29T00:00:00Z
SPAT1353,341,0.005578%,Tehovalvonta,Intensive monitoring,"potilaan keskeisten elintoimintojen seuranta elintoimintojen häiriöiden vaikeutumisen havaitsemiseksi (sisältää happisaturaation, verenpaineen ja EKG:n seurannan) Huom. Tähän sisältyvät THL-Toimenpideluokituksen toimenpiteet WX872, WX882 ja WX892.",1,2011-01-01T00:00:00Z,2017-12-31T00:00:00Z,2017-12-05T00:00:00Z
SPAT1274,340,0.005561%,Riippuvuusoireisen mini-interventio,Brief intervention in person with addiction symptoms,"mini-interventio annetun Käypä hoito -suosituksen sisältöisenä, päihde-, tupakka- tai muulla riippuvuusoireisella",1,2009-01-01T00:00:00Z,2099-12-31T00:00:00Z,2016-02-29T00:00:00Z
SPAT1002,319,0.005218%,Luomirakkulan poisto tai tyhjennys,Excision or drainage of chalazion,luomirakkulan poisto tai tyhjennys,1,2009-01-01T00:00:00Z,2099-12-31T00:00:00Z,2016-02-29T00:00:00Z
SPAT1109,319,0.005218%,Kivun hoito kipupumpun avulla,Analgesia with portable analgesic pump,kipupumpun asentamiseen ja huoltoon sekä lääkkeen annosteluun liittyvät toimet,1,2009-01-01T00:00:00Z,2099-12-31T00:00:00Z,2016-02-29T00:00:00Z
SPAT1351,308,0.005038%,Laaja korvan tutkimus,Extensive ear examination,"korvan perustutkimus, joka on vaativuudeltaan tai kestoltaan tavanomaista laajempi Huom. Sisältää mm. tutkimusta haittaavan korvavahan poistamisen. Perustelu laajasta tutkimuksesta tulee kirjata potilaskertomukseen.",1,2011-01-01T00:00:00Z,2017-12-31T00:00:00Z,2017-12-05T00:00:00Z
SPAT1094,290,0.004744%,Ylipainehengitys,Continuous Positive Airway Pressure,"ylipainehengityksen toteuttaminen ja/tai ohjaus, esim. CPAP",1,2009-01-01T00:00:00Z,2017-12-31T00:00:00Z,2017-12-05T00:00:00Z
SPAT1036,284,0.004645%,Poskiontelopunktio,Maxillary puncture,"nenän sivuonteloiden punktio, lavaatio, imu tai dreneeraus toisen- tai molemminpuoleisena",1,2009-01-01T00:00:00Z,2099-12-31T00:00:00Z,2016-02-29T00:00:00Z
SPAT1134,282,0.004613%,Peräaukon tähystys,Anoscopy,peräaukon ja peräsuolen alapään tähystys lyhyellä endoskoopilla (proktoskoopilla),1,2009-01-01T00:00:00Z,2099-12-31T00:00:00Z,2016-02-29T00:00:00Z
SPAT1079,251,0.004106%,Sydämen ultraäänitutkimus,Echocardiography,vastaanotolla tehty sydämen kaikututkimus,1,2009-01-01T00:00:00Z,2017-12-31T00:00:00Z,2017-12-05T00:00:00Z
SPAT1088,249,0.004073%,Verensiirto,Blood transfusion,veren tai verivalmisteiden antaminen,1,2009-01-01T00:00:00Z,2099-12-31T00:00:00Z,2016-02-29T00:00:00Z
SPAT1110,243,0.003975%,Kivun voimakkuuden mittaaminen,Measurement of pain intensity,kivun voimakkuuden mittaaminen standardoitua menetelmää käyttäen,1,2009-01-01T00:00:00Z,2099-12-31T00:00:00Z,2016-02-29T00:00:00Z
SPAT1188,239,0.003909%,Sikiön mittakontrolli,Monitoring of foetal growth,Yksittäinen ultraäänitutkimuksessa tehty sikiön mittakontrolli,1,2009-01-01T00:00:00Z,2012-12-31T00:00:00Z,2012-06-20T00:00:00Z
SPAT1280,203,0.003320%,Virka-avun antaminen,Provision of administrative assistance,virka-avun antaminen muiden viranomaisten pyynnöstä Huom. Virka-avun sisältö kirjautuu muiden toimintojen kautta.,1,2009-01-01T00:00:00Z,2017-12-31T00:00:00Z,2017-12-05T00:00:00Z
SPAT1118,201,0.003288%,Peräpukamatoimenpide,Haemorrhoid procedure,peräpukamien hirtto tai koagulaatio,1,2009-01-01T00:00:00Z,2099-12-31T00:00:00Z,2016-02-29T00:00:00Z
SPAT1219,201,0.003288%,Ammatillisen kuntoutuksen tarpeen arviointi,Assessment of need for vocational rehabilitation,vajaakuntoisen tai vammautuneen ammatillisen kuntoutuksen tarpeen arviointi,1,2009-01-01T00:00:00Z,2099-12-31T00:00:00Z,2016-02-29T00:00:00Z
SPAT1365,200,0.003271%,Ensimmäisenä opiskeluvuonna erityistarpeen vuoksi  tehty terveystarkastus lukiossa tai ammatillisessa oppilaitoksessa opiskelevalle,Health check-up performed during first study year due to special need in students of upper secondary schools or vocational schools,"ensimmäisenä opiskeluvuonna tehty terveystarkastus erityisopetuksessa olevalle tai opiskelijalle, jonka terveydentilan ja opiskelukyvyn selvittäminen on tarpeellinen opiskelualan tai tulevan ammatin vuoksi asetuksen (338/2011) 9§ 5 kohdan mukaisessa oppilaitoksessa opiskelevalle",1,2012-01-01T00:00:00Z,2099-12-31T00:00:00Z,2016-02-29T00:00:00Z
SPAT1010,198,0.003239%,Silmänpohjatutkimus (oftalmoskopia),Ophthalmoscopy,"oftalmoskoopilla tehty perusteellinen silmänpohjatutkimus, sisältää tarvittavan pupillin laajentamisen",1,2009-01-01T00:00:00Z,2099-12-31T00:00:00Z,2016-02-29T00:00:00Z
SPAT1060,192,0.003141%,Hapen antaminen,Administration of oxygen,hapen antaminen kun veren happipitoisuus on alentunut,1,2009-01-01T00:00:00Z,2017-12-31T00:00:00Z,2017-12-05T00:00:00Z
SPAT1369,192,0.003141%,Oppilaitoksen opiskeluhuoltoryhmän tapaaminen,Meeting with student welfare group of educational institution,"oppilaitoksen opiskeluhuollon suunnittelusta, kehittämisestä, toteuttamisesta ja arvioinnista vastaavan monialaisen oppilaitoskohtaisen opiskeluhuoltoryhmän toiminta, joka vastaa yhteisöllisen opiskeluhuollon toteutumisesta Huom. Ks. oppilas- ja  opiskelijahuoltolaki (1287/2013, 14).",1,2012-01-01T00:00:00Z,2099-12-31T00:00:00Z,2016-08-31T00:00:00Z
SPAT1361,190,0.003108%,Kudosnäytteen otto,Collection of tissue sample,koepalan ottaminen elävästä kudoksesta (sisältää sekä veitsellä otetut että paksuneulanäyteet),1,2011-01-01T00:00:00Z,2017-12-31T00:00:00Z,2017-12-05T00:00:00Z
SPAT1248,186,0.003042%,"MUU TUTKIMINEN, TOIMENPITEET, HOITO, YM.","OTHER EXAMINATIONS, PROCEDURES, TREATMENT ETC.","MUU TUTKIMINEN, TOIMENPITEET, HOITO, YM.",0,2009-01-01T00:00:00Z,2099-12-31T00:00:00Z,2011-10-07T00:00:00Z
SPAT1062,173,0.002830%,Keuhkojen tyhjennyshoito,Lung clearance therapy,"eritteen poistaminen keuhkoputkista, sisältää tyhjennyshoidon opettamisen",1,2009-01-01T00:00:00Z,2099-12-31T00:00:00Z,2016-02-29T00:00:00Z
SPAT1286,170,0.002781%,Leikkauskelpoisuuden arviointi lausuntoineen,"Assessment of operability, including opinions",esim. terveyskeskuslääkäriltä etukäteen pyydetty kirjallinen leikkauskelpoisuuden arviointi,1,2009-01-01T00:00:00Z,2017-12-31T00:00:00Z,2017-12-05T00:00:00Z
SPAT1270,165,0.002699%,Huume-/humalatilatutkimus,Narcotic/sobriety test,potilaan kliininen tutkiminen huume-/humalatilaepäilyssä,1,2009-01-01T00:00:00Z,2099-12-31T00:00:00Z,2016-02-29T00:00:00Z
SPAT1165,157,0.002568%,Vatsakalvodialyysi,Peritoneal dialysis,vatsakalvodialyysin (peritoneaalidialyysin) toteutus ja/tai potilaan avustaminen ja ohjaus dialyysihoidon aikana,1,2009-01-01T00:00:00Z,2017-12-31T00:00:00Z,2017-12-05T00:00:00Z
SPAT1005,156,0.002552%,Vierasesineen poisto sidekalvolta,Removal of foreign body from conjunctiva,"vierasesineen poisto sidekalvolta, tarvittaessa luomenkääntö Huom. Sisältää mahdollisen puudutuksen.",1,2009-01-01T00:00:00Z,2017-12-31T00:00:00Z,2017-12-05T00:00:00Z
SPAT1393,155,0.002535%,Vanhemman ja lapsen vuorovaikutusta tukeva ohjaus,Guidance to support interaction between parent and child,vanhemmuuteen tai vanhemman ja lapsen väliseen vuorovaikutukseen (esim. kasvatuskäytäntöihin) liittyvä neuvonta ja ohjaus Huom. Ks. terveydenhuoltolaki 1326/2010 ja asetus 338/2011.,1,2015-01-01T00:00:00Z,2099-12-31T00:00:00Z,2016-08-31T00:00:00Z
SPAT1017,151,0.002470%,Värinäön tutkimus,Examination of colour vision,värinäön tutkiminen värinäkötaululla,1,2009-01-01T00:00:00Z,2099-12-31T00:00:00Z,2016-02-29T00:00:00Z
SPAT1034,147,0.002404%,Vierasesineen poisto korvakäytävästä,Removal of foreign body from ear canal,vierasesineen poisto korvakäytävästä,1,2009-01-01T00:00:00Z,2017-12-31T00:00:00Z,2017-12-05T00:00:00Z
SPAT1394,142,0.002323%,Elinolosuhteisiin liittyvä neuvonta ja ohjaus,Counselling and guidance related to living conditions,elinolosuhteisiin (esim. toimeentuloon ja arjen hallintaan)  liittyvä neuvonta ja ohjaus,1,2015-01-01T00:00:00Z,2099-12-31T00:00:00Z,2016-02-29T00:00:00Z
SPAT1233,136,0.002225%,Työkyvyn arviointi,Assessment of ability to work,Työkyvyn arviointi,1,2009-01-01T00:00:00Z,2010-12-31T00:00:00Z,2011-10-07T00:00:00Z
SPAT1396,130,0.002126%,Monialaisen asiantuntijaryhmän tapaaminen,Meeting with multidisciplinary group of experts,opiskelijan tuen tarpeen selvittäminen ja tarvittavien opiskeluhuoltopalvelujen järjestäminen tapauskohtaisesti kootussa monialaisessa asiantuntijaryhmässä Huom. Ks. terveydenhuoltolaki 1326/2010 ja oppilas- ja opiskelijahuoltolaki 1287/2013.,1,2015-01-01T00:00:00Z,2099-12-31T00:00:00Z,2016-08-31T00:00:00Z
SPAT1327,125,0.002045%,"Työ-, koulu- tai opiskeluyhteisötyö","Work, school or study community work","työ-, koulu- tai opiskeluyhteisötyö",1,2009-01-01T00:00:00Z,2099-12-31T00:00:00Z,2016-08-31T00:00:00Z
SPAT1300,123,0.002012%,Muu FINLOINC -luokituksen mukainen toiminto,Other function in accordance with FinLOINC classification,SPAT-luokittelematon FINLOINC-koodiston mukainen toiminto,1,2009-01-01T00:00:00Z,2017-12-31T00:00:00Z,2017-12-05T00:00:00Z
SPAT1040,116,0.001897%,Nenän ja kurkunpään tähystys,Nasolaryngoscopy,epäsuora tai suora laryngoskopia,1,2009-01-01T00:00:00Z,2017-12-31T00:00:00Z,2017-12-05T00:00:00Z
SPAT1025,112,0.001832%,Nenäverenvuodon hoito hyydyttämällä,Treatment of epistaxis with coagulation,nenäverenvuodon hoito hyydyttämällä (esim. laapistamalla),1,2009-01-01T00:00:00Z,2099-12-31T00:00:00Z,2016-02-29T00:00:00Z
SPAT1371,111,0.001816%,Raskauden keskeytyksen tarpeen arviointi,Assessment of need for induced abortion,"sisältää raskauden keskeytykseen liittyvää ohjausta ja neuvontaa, sisältäen tutkimukset",1,2013-01-01T00:00:00Z,2099-12-31T00:00:00Z,2016-02-29T00:00:00Z
SPAT1077,110,0.001799%,Valtimoverinäytteen otto,Arterial blood sampling,verinäytteen ottaminen valtimosta,1,2009-01-01T00:00:00Z,2017-12-31T00:00:00Z,2017-12-05T00:00:00Z
SPAT1261,109,0.001783%,Reaaliaikainen kuvansiirtokonsultaatio,Real-time image transmission consultation,"vastaanoton aikana puhelimitse tai videoyhteydellä tapahtuva erikoislääkärin konsultaatio, jossa kuva on molempien osapuolten käytettävissä",1,2009-01-01T00:00:00Z,2017-12-31T00:00:00Z,2017-12-05T00:00:00Z
SPAT1362,108,0.001767%,Terveydenhoitajan arvio suun terveydentilasta,Assessment of oral health performed by public health nurse,lapselle 1-6 vuoden ikäisenä tehtyyn terveystarkastukseen sisältyvä terveydenhoitajan arvio suun terveydentilasta. (Asetus 338/2011 9§ kohta 3),1,2012-01-01T00:00:00Z,2099-12-31T00:00:00Z,2016-02-29T00:00:00Z
SPAT1268,98,0.001603%,Allergiatestaus,Allergy testing,allerigiatestitulosten tulkinta jatkosuosituksineen,1,2009-01-01T00:00:00Z,2017-12-31T00:00:00Z,2017-12-05T00:00:00Z
SPAT1356,97,0.001587%,Kohdun runko-osan lihas- tai limakalvonäytteen otto,Collection of muscle or mucous membrane sample from body of uterus,"kohdun runko-osan lihas- tai limakalvonäytteen otto, tarvittaessa laajentaen kohdunkaulakanavaa",1,2011-01-01T00:00:00Z,2017-12-31T00:00:00Z,2017-12-05T00:00:00Z
SPAT1061,92,0.001505%,Hengitysharjoitusten toteuttaminen,Implementation of breathing exercises,hengitys- ja verenkiertoelimistön suorituskyvyn parantamiseksi ja ylläpitämiseksi suoritettava harjoittelu ja ohjaus,1,2009-01-01T00:00:00Z,2017-12-31T00:00:00Z,2017-12-05T00:00:00Z
SPAT1112,90,0.001472%,Paikallispuudutus,Local anaesthesia,"ei kirjata silloin, kun puudutus liittyyy tehtävään tai suunniteltuun toimenpiteeseen",1,2009-01-01T00:00:00Z,2017-12-31T00:00:00Z,2017-12-05T00:00:00Z
SPAT1277,89,0.001456%,Oikeusturvaa ja potilaan oikeuksia koskeva ohjaus,Instruction concerning legal protection and patient’s rights,oikeusturvaa ja potilaan oikeuksia koskeva ohjaus,1,2009-01-01T00:00:00Z,2017-12-31T00:00:00Z,2017-12-05T00:00:00Z
SPAT1328,89,0.001456%,Työpaikan perusselvitys,Basic workplace survey,työhön ja työpaikan olosuhteisiin liittyvä selvitys,1,2009-01-01T00:00:00Z,2099-12-31T00:00:00Z,2016-08-31T00:00:00Z
SPAT1232,88,0.001439%,Kommunikaatio tulkin tai avustajan avulla,Communication with help of interpreter or assistant,vastaanotolla tai puhelimitse mukana tulkki tai potilaan/asiakkaan vammaisuutensa vuoksi tarvitsema avustaja,1,2009-01-01T00:00:00Z,2099-12-31T00:00:00Z,2016-02-29T00:00:00Z
SPAT1209,86,0.001407%,Nivelen ultraäänitutkimus,Ultrasound examination of joint,vastaanotolla tehty nivelen ultraäänitutkimus,1,2009-01-01T00:00:00Z,2017-12-31T00:00:00Z,2017-12-05T00:00:00Z
SPAT1358,85,0.001390%,Psykiatrinen tarkkailulähete eli M1-lähete,Referral to psychiatric observation (M1 referral),psykiatrisen tarkkailulähetteen eli MI-lähetteen laatiminen,1,2011-01-01T00:00:00Z,2099-12-31T00:00:00Z,2016-02-29T00:00:00Z
SPAT1007,79,0.001292%,Vierasesineen poisto sarveiskalvosta,Removal of foreign body from cornea,vierasesineen poisto sarveiskalvolta Huom. Sisältää puudutuksen.,1,2009-01-01T00:00:00Z,2017-12-31T00:00:00Z,2017-12-05T00:00:00Z
SPAT1120,77,0.001259%,Ylävatsan ultraäänitutkimus,Ultrasound examination of upper abdomen,vastaanotolla tehty ylävatsan kaikututkimus,1,2009-01-01T00:00:00Z,2017-12-31T00:00:00Z,2017-12-05T00:00:00Z
SPAT1388,77,0.001259%,Yksilöllisen tarpeen mukainen laaja terveystarkastus,Extensive health check-up based on individual need,"lapsen tai oppilaan laaja terveystarkastus, joka järjestetään yksilöllisen tarpeen perusteella määräaikaisten laajojen terveystarkastusten lisäksi Huom. Terveystarkastukseen kuuluu  myös lapsen tai oppilaan vanhempien haastattelu ja koko perheen hyvinvoinnin selvittäminen niiltä osin kuin se on tarpeellista lapsen tai oppilaan terveyden- ja sairaanhoidon tai tuen tarpeen arvioimiseksi sekä näiden järjestämiseksi ja toteuttamiseksi. Ks. asetus 338/2011.",1,2015-01-01T00:00:00Z,2099-12-31T00:00:00Z,2016-08-31T00:00:00Z
SPAT1045,76,0.001243%,Tasapainoelimen kallistusprovokaatiotesti/Epleyn manööveri,Tilt provocation test of vestibular organ / Epley maneuver,tasapainoelimen kallistusprovokaatiotestin suorittaminen,1,2009-01-01T00:00:00Z,2099-12-31T00:00:00Z,2016-02-29T00:00:00Z
SPAT1206,74,0.001210%,Murtuman paikalleenasetus ja sidos,Repositioning and bandage of fracture,sisältää tarvittavan kipsin tai muun sidoksen asettaminen ja puudutuksen,1,2009-01-01T00:00:00Z,2017-12-31T00:00:00Z,2017-12-05T00:00:00Z
SPAT1064,69,0.001129%,Trakeostomia-avanteen hoito,Management of tracheostomy stoma,henkitorviavanteen hoito (ml. avannekanyylin vaihto),1,2009-01-01T00:00:00Z,2099-12-31T00:00:00Z,2016-02-29T00:00:00Z
SPAT1218,69,0.001129%,Kasvatuksellisen kuntoutuksen tarpeen arviointi,Assessment of need for educational rehabilitation,neuvolassa tai kouluterveydenhuollossa tapahtuva varhaisen kasvatuksellisen tuen tarpeen arvioiminen esim. lastensuojelulain perusteella,1,2009-01-01T00:00:00Z,2017-12-31T00:00:00Z,2017-12-05T00:00:00Z
SPAT1119,68,0.001112%,Vatsan ultraäänitutkimus,Ultrasound examination of abdomen,vastaanotolla tehty sekä ylä- että alavatsan kaikututkimus,1,2009-01-01T00:00:00Z,2017-12-31T00:00:00Z,2017-12-05T00:00:00Z
SPAT1142,68,0.001112%,"Hampaiden, ikenien, suun ja nielun pientoimenpide","Minor procedure on teeth, gums, mouth and pharynx","hampaiden, ikenien, suun ja nielun pientoimenpide muun kuin suun terveydenhuollon ammattihenkilön tekemänä",1,2009-01-01T00:00:00Z,2017-12-31T00:00:00Z,2017-12-05T00:00:00Z
SPAT1194,66,0.001080%,Hormonikorvaushoidon aloittaminen joko naiselle tai miehelle,Initiation of hormone replacement therapy for woman or man,"hormonikorvaushoidon aloittaminen joko naiselle tai miehelle, sisältää kliinisen tutkimuksen, mahdollisen hoidon etujen ja haittojen selittämisen sekä hoidon toteutuksen ja jatkoseurannan suunnittelun",1,2009-01-01T00:00:00Z,2017-12-31T00:00:00Z,2017-12-05T00:00:00Z
SPAT1340,65,0.001063%,Ohjaus muulle ammattiryhmälle kuin lääkärille,Referral to other occupational group than physician,ei sisällä lääkärille tai hammaslääkärille ohjaamista,1,2009-01-01T00:00:00Z,2099-12-31T00:00:00Z,2019-03-05T00:00:00Z
SPAT1026,64,0.001047%,Nenän etutamponaatio,Anterior nasal pack,nenän etutamponaatio,1,2009-01-01T00:00:00Z,2017-12-31T00:00:00Z,2017-12-05T00:00:00Z
SPAT1052,62,0.001014%,Tajunnantason ja neurologisten oireiden seuranta,Monitoring of level of consciousness and neurological symptoms,tajunnantason ja neurologisten oireiden systemaattinen ja toistuva seuranta (esim. Glasgow Coma Scale -asteikkoa käyttäen),1,2009-01-01T00:00:00Z,2017-12-31T00:00:00Z,2017-12-05T00:00:00Z
SPAT1072,59,0.000965%,Ohutneulanäytteen otto,Fine needle aspiration biopsy,ohutneulalla tai muulla pienellä instrumentilla otettu kudos- tai solunäyte,1,2009-01-01T00:00:00Z,2017-12-31T00:00:00Z,2017-12-05T00:00:00Z
SPAT1319,57,0.000932%,"Koulu- ja opiskeluterveydenhuoltoon kuuluva tarkastus, jonka yhteydessä tehdään lausunto",Check-up and opinion included in school and student health care,Lääkärin palkkiollisuuden edellytys Tarkastus tehdään koulun loppuvaiheessa ja sen yhteydessä voidaan tehdä perusteltuja kannanottoja tai lausuntoja oppilaan soveltuvuudesta suunnittelemiinsa ammatteihin tai tehdään ns. nuorison terveystodistus.,1,2009-01-01T00:00:00Z,2010-12-31T00:00:00Z,2014-07-12T00:00:00Z
SPAT1171,55,0.000900%,Virtsarakkopunktio,Bladder puncture,sisältää kertapunktion ja/tai katerin asettamisen (cystofix),1,2009-01-01T00:00:00Z,2099-12-31T00:00:00Z,2016-02-29T00:00:00Z
SPAT1191,55,0.000900%,Vierasesineen poisto emättimestä,Removal of foreign body from vagina,vierasesineen poisto emättimestä,1,2009-01-01T00:00:00Z,2099-12-31T00:00:00Z,2016-02-29T00:00:00Z
SPAT1055,47,0.000769%,HENGITYSELIMET,RESPIRATORY ORGANS,HENGITYSELIMET,0,2009-01-01T00:00:00Z,2099-12-31T00:00:00Z,2011-10-07T00:00:00Z
SPAT1107,47,0.000769%,Laaja ihon pintapuudutus ulkoisesti voiteella tai geelillä,Extensive external surface anaesthesia of skin with cream or gel,laaja ihon pintapuudutus ulkoisesti voiteella tai geelillä,1,2009-01-01T00:00:00Z,2017-12-31T00:00:00Z,2017-12-05T00:00:00Z
SPAT1069,46,0.000752%,Alaraajalaskimoiden ultraäänitutkimus,Ultrasound examination of arteries of lower extremity,vastaanotolla tehty alaraajojen laskimoiden kaikututkimus,1,2009-01-01T00:00:00Z,2017-12-31T00:00:00Z,2017-12-05T00:00:00Z
SPAT1145,46,0.000752%,Pinnallisen resistenssin ultraäänitutkimus,Ultrasound examination of superficial resistance,vastaanotolla tehty pinnallisen resistenssin ultraäänitutkimus,1,2009-01-01T00:00:00Z,2017-12-31T00:00:00Z,2017-12-05T00:00:00Z
SPAT1330,42,0.000687%,"Työ-, koulu- tai opiskeluyhteisöön liittyvä selvitys (esim. työ- ja opiskeluilmapiiri)","Assessment related to work, school or study community (e.g. work and study atmosphere)","työ-, koulu- tai opiskeluyhteisöön liittyvä selvitys (esim. työ- ja opiskeluilmapiiri)",1,2009-01-01T00:00:00Z,2099-12-31T00:00:00Z,2016-08-31T00:00:00Z
SPAT1078,40,0.000654%,Keskuslaskimo- tai valtimokanyylin poisto,Removal of central venous or arterial cannula,kanyylin poisto keskuslaskimosta tai valtimosta,1,2009-01-01T00:00:00Z,2017-12-31T00:00:00Z,2017-12-05T00:00:00Z
SPAT1116,38,0.000622%,Kaulan ultraäänitutkimus,Ultrasound examination of neck,vastaanotolla tehty kaulan alueen kaikututkimus,1,2009-01-01T00:00:00Z,2017-12-31T00:00:00Z,2017-12-05T00:00:00Z
SPAT1132,38,0.000622%,Sigmoideoskopia,Sigmoidoscopy,sigmasuolen (paksusuolen loppuosa) tähystus peräaukon kautta vietävällä taipuisalla tähystimellä,1,2009-01-01T00:00:00Z,2017-12-31T00:00:00Z,2017-12-05T00:00:00Z
SPAT1205,37,0.000605%,Nivelen sijoiltaanmenon paikalleenasetus,Repositioning of dislocated joint,sisältää tarvittavan sidoksen asettamisen ja sedaation tai puudutuksen,1,2009-01-01T00:00:00Z,2017-12-31T00:00:00Z,2017-12-05T00:00:00Z
SPAT1065,35,0.000572%,Hengityksen hoitoon liittyvä ohjaus,Guidance concerning management of breathing,Hengityksen hoitoon liittyvä ohjaus,1,2009-01-01T00:00:00Z,2010-12-31T00:00:00Z,2011-10-07T00:00:00Z
SPAT1372,35,0.000572%,Raskauden keskeytyksen jälkitarkastus,Follow-up examination after induced abortion,"sisältää raskauden keskeytyksen jälkihaastattelun, ja siihen liittyvät tutkimukset ja neuvonnan",1,2013-01-01T00:00:00Z,2099-12-31T00:00:00Z,2016-02-29T00:00:00Z
SPAT1163,34,0.000556%,Virtsaelinten ultraäänitutkimus,Ultrasound examination of urinary organs,vastaanotolla tehty virtsaelinten ultraäänitutkimus,1,2009-01-01T00:00:00Z,2017-12-31T00:00:00Z,2017-12-05T00:00:00Z
SPAT1121,33,0.000540%,Alavatsan ultraäänitutkimus,Ultrasound examination of lower abdomen,vastaanotolla tehty alavatsan kaikututkimus,1,2009-01-01T00:00:00Z,2017-12-31T00:00:00Z,2017-12-05T00:00:00Z
SPAT1208,32,0.000523%,Lihaksen tai jänteen ultraäänitutkimus,Ultrasound examination of muscle or tendon,vastaanotolla tehty lihaksen tai jänteen ultraäänitutkimus,1,2009-01-01T00:00:00Z,2017-12-31T00:00:00Z,2017-12-05T00:00:00Z
SPAT1329,32,0.000523%,"Työ-, koulu- tai opiskeluympäristöaltisteisiin liittyvä selvitys","Assessment related to exposure factors in work, school or study environment","työ-, koulu- tai opiskeluympäristöaltisteisiin liittyvä selvitys",1,2009-01-01T00:00:00Z,2099-12-31T00:00:00Z,2016-08-31T00:00:00Z
SPAT1337,32,0.000523%,Puhelinajan varaaminen,Booking of telephone appointment,varataan puhelinaika,1,2009-01-01T00:00:00Z,2099-12-31T00:00:00Z,2016-02-29T00:00:00Z
SPAT1350,31,0.000507%,Korvakäytävän tamponaatio,Tamponade of outer auditory canal,korvakäytävän lääkitseminen tamponaation avulla.,1,2011-01-01T00:00:00Z,2017-12-31T00:00:00Z,2017-12-05T00:00:00Z
SPAT1161,29,0.000474%,Virtsarakon ultraäänitutkimus,Ultrasound examination of urinary bladder,vastaanotolla tehty pelkkä virtsarakon ultraäänitutkimus Huom. Sisältää myös jäännösvirtsan määrityksen ultraäänellä.,1,2009-01-01T00:00:00Z,2017-12-31T00:00:00Z,2017-12-05T00:00:00Z
SPAT1063,28,0.000458%,Liman imeminen hengitysteistä,Suctioning of mucus from airways,liman imeminen hengitysteistä,1,2009-01-01T00:00:00Z,2099-12-31T00:00:00Z,2016-02-29T00:00:00Z
SPAT1174,27,0.000442%,Rintarauhasten ultraäänitutkimus,Ultrasound examination of mammary glands,vastaanotolla tehty rintarauhasen ultraäänitutkimus,1,2009-01-01T00:00:00Z,2017-12-31T00:00:00Z,2017-12-05T00:00:00Z
SPAT1124,26,0.000425%,Mahalaukkuavanneletkun vaihto,Replacement of gastrostomy tube,mahalaukkuavanneletkun vaihto,1,2009-01-01T00:00:00Z,2017-12-31T00:00:00Z,2017-12-05T00:00:00Z
SPAT1287,25,0.000409%,Elävän henkilön oikeuslääketieteellinen tutkimus,Forensic medical examination of living person,elävän henkilön kliininen tutkimus viranomaisen pyynnöstä tai määräyksestä (esim. pahoinpitelyn tai raiskauksen uhrin tutkiminen tai isyyden selvittäminen),1,2009-01-01T00:00:00Z,2017-12-31T00:00:00Z,2017-12-05T00:00:00Z
SPAT1047,24,0.000393%,Kilpirauhasen ultraäänitutkimus,Ultrasound examination of thyroid,vastaanotolla tehty kilpirauhasen ultraäänitutkimus,1,2009-01-01T00:00:00Z,2017-12-31T00:00:00Z,2017-12-05T00:00:00Z
SPAT1075,23,0.000376%,Laskimon kanylointi,Cannulation of vein,Laskimon kanylointi,1,2009-01-01T00:00:00Z,2010-12-31T00:00:00Z,2011-10-07T00:00:00Z
SPAT1289,23,0.000376%,Vainajan ulkoinen tarkastus mahdollisine jatkotoimineen,"External examination of deceased person, including possible further measures","sisältää kuoleman toteamisen ja kuoleman syyn selvittelyä valmistelevat toimet: obduktiotarpeen arviointi, lupien kysyminen, lähetteen tekeminen",1,2009-01-01T00:00:00Z,2017-12-31T00:00:00Z,2017-12-05T00:00:00Z
SPAT1290,23,0.000376%,Vainajan laitto,Preparation of deceased person,vainajan pukeminen ja siirto kylmiöön,1,2009-01-01T00:00:00Z,2017-12-31T00:00:00Z,2017-12-05T00:00:00Z
SPAT1355,23,0.000376%,Tyrän reponointi,Reposition of hernia,tyrän tai vastaavan reponointi ja sidos,1,2011-01-01T00:00:00Z,2017-12-31T00:00:00Z,2017-12-05T00:00:00Z
SPAT1185,22,0.000360%,Raskauden keskeytys lääkkeellä,Medical abortion,lääkkeellinen raskauden keskeytys tai spontaanin abortin jatkohoito,1,2009-01-01T00:00:00Z,2017-12-31T00:00:00Z,2017-12-05T00:00:00Z
SPAT1158,21,0.000343%,Kynnen puhkaisu,Puncture of nail,kynnen puhkaisu esim. hemtooman takia,1,2009-01-01T00:00:00Z,2099-12-31T00:00:00Z,2016-02-29T00:00:00Z
SPAT1199,20,0.000327%,Perinnöllisyysneuvonta,Genetic counselling,"perinnöllisyysneuvonta vastaanottokäynnillä, tarvittaessa ohjaus erityisasiantuntijalle",1,2009-01-01T00:00:00Z,2099-12-31T00:00:00Z,2016-02-29T00:00:00Z
SPAT1320,20,0.000327%,Lastensuojelulain mukainen lapsen terveydentilan tutkiminen,Examination of child’s state of health referred to in Child Welfare Act,"lääkärin tutkimus, jossa lapsen tämänhetkinen psykofyysinen vointi sekä kasvu- ja kehityshistoria tarkastetaan, ja lapsi ohjataan tarpeenmukaisiin jatkotukimuksiin, hoitoihin ja kuntoutukseen sekä pitkäaikaisseurantaan",1,2009-01-01T00:00:00Z,2099-12-31T00:00:00Z,2016-02-29T00:00:00Z
SPAT1076,19,0.000311%,Keskuslaskimokanylointi,Cannulation of central vein,suoniyhteyden avaaminen keskuslaskimoon,1,2009-01-01T00:00:00Z,2017-12-31T00:00:00Z,2017-12-05T00:00:00Z
SPAT1333,18,0.000294%,"HOIDON SUUNNITTELU, JATKOHOIDON JÄRJESTÄMINEN","PLANNING OF TREATMENT, ORGANISATION OF FURTHER CARE","HOIDON SUUNNITTELU, JATKOHOIDON JÄRJESTÄMINEN",0,2009-01-01T00:00:00Z,2099-12-31T00:00:00Z,2011-10-07T00:00:00Z
SPAT1082,17,0.000278%,Lääkkeellinen rytminsiirto,Pharmacological cardioversion,eteisvärinän tai tiheälyöntisyyden kääntäminen lääkkeillä monitoriseurannassa Huom. Rytmin hidastaminen esim. betasalpaajalla ei sisälly tähän.,1,2009-01-01T00:00:00Z,2099-12-31T00:00:00Z,2016-02-29T00:00:00Z
SPAT1354,17,0.000278%,Mahahuuhtelu,Gastric lavage,mahahuuhtelu letkulla tai oksennuttamalla Huom. Sisältää myös mahalaukun täyttämisen lääkehiilellä.,1,2011-01-01T00:00:00Z,2017-12-31T00:00:00Z,2017-12-05T00:00:00Z
SPAT1035,15,0.000245%,Vierasesineen poisto nenästä,Removal of foreign body from nose,vierasesineen poisto nenästä,1,2009-01-01T00:00:00Z,2099-12-31T00:00:00Z,2016-02-29T00:00:00Z
SPAT1096,15,0.000245%,Sydämen ulkoisen tahdistimen asetus tai käyttö,Insertion or use of external pacemaker,sydämen ulkoisen tahdistimen asetus ja käyttö,1,2009-01-01T00:00:00Z,2017-12-31T00:00:00Z,2017-12-05T00:00:00Z
SPAT1080,14,0.000229%,Luuydinnäytteen otto,Bone marrow biopsy,luuydinnäytteen otto sternumista tai kristasta,1,2009-01-01T00:00:00Z,2017-12-31T00:00:00Z,2017-12-05T00:00:00Z
SPAT1122,14,0.000229%,Askitespunktio,Ascites puncture,askitespunktio tai diagnostinen vatsaontelon pisto,1,2009-01-01T00:00:00Z,2099-12-31T00:00:00Z,2016-02-29T00:00:00Z
SPAT1090,13,0.000213%,"Suonensisäinen, intramuskulaarinen tai rektaalinen yleisanestesia","Intravenous, intramuscular or rectal general anaesthesia","suonensisäinen, intramuskulaarinen tai rektaalinen yleisanestesia antotavasta riippumatta",1,2009-01-01T00:00:00Z,2017-12-31T00:00:00Z,2017-12-05T00:00:00Z
SPAT1117,13,0.000213%,Nivusten ja/tai vatsapeitteiden ultraäänitutkimus,Ultrasound examination of groins and/or abdominal wall,vastaanotolla tehty nivusten ja/tai vatsapeitteiden kaikututkimus,1,2009-01-01T00:00:00Z,2017-12-31T00:00:00Z,2017-12-05T00:00:00Z
SPAT1015,12,0.000196%,Karsastuksen tutkiminen,Examination of strabismus,karsastuksen tutkiminen vähintään kahdella eri menetelmällä,1,2009-01-01T00:00:00Z,2099-12-31T00:00:00Z,2016-02-29T00:00:00Z
SPAT1113,12,0.000196%,Johtopuudutus,Nerve block anaesthesia,kivunhoitoon liittyvä johtopuudutus,1,2009-01-01T00:00:00Z,2017-12-31T00:00:00Z,2017-12-05T00:00:00Z
SPAT1123,12,0.000196%,Nenämahaletkun laitto,Insertion of nasogastric tube,nenämahaletkun laitto,1,2009-01-01T00:00:00Z,2017-12-31T00:00:00Z,2017-12-05T00:00:00Z
SPAT1183,12,0.000196%,Ehkäisykierukan paikantaminen tai muu yksittäisen gynekologisen kohteen UÄ,Localisation of IUD or other ultrasound examination of separate gynaecological object,Ehkäisykierukan paikantaminen tai muu yksittäisen gynekologisen kohteen UÄ,1,2009-01-01T00:00:00Z,2010-12-31T00:00:00Z,2011-10-07T00:00:00Z
SPAT1214,12,0.000196%,"KUNTOUTUS, TOIMINNAN TUKEMINEN, APUVÄLINEPALVELUT","REHABILITATION, FUNCTION SUPPORT, AID SERVICES","KUNTOUTUS, TOIMINNAN TUKEMINEN, APUVÄLINEPALVELUT",0,2009-01-01T00:00:00Z,2099-12-31T00:00:00Z,2011-10-07T00:00:00Z
SPAT1271,12,0.000196%,Huumeiden IV-käyttäjien neuvonta/välineiden vaihto,Counselling / supply exchange for users of IV drugs,"tarttuvien maksatautien ja HIV-infektion testaus, maksuton A- ja B-hepatiittirokotus, kondomien ilmaisjakelu sekä puhtaiden neulojen ja ruiskujen vaihtaminen käytettyjen tilalle (Tartuntatautiasetus 1383/2003)",1,2009-01-01T00:00:00Z,2099-12-31T00:00:00Z,2016-02-29T00:00:00Z
SPAT1178,11,0.000180%,Kivespussin ultraäänitutkimus,Ultrasound examination of scrotum,vastaanotolla tehty kivespussin ultraäänitutkimus,1,2009-01-01T00:00:00Z,2017-12-31T00:00:00Z,2017-12-05T00:00:00Z
SPAT1288,11,0.000180%,Kuolinsyyn selvittäminen,Determination of cause of death,lainsäädännön mukainen kuolinsyyn selvittely ja kuolintodistuksen laatiminen,1,2009-01-01T00:00:00Z,2017-12-31T00:00:00Z,2017-12-05T00:00:00Z
SPAT1302,11,0.000180%,EHKÄISEVÄ TOIMINTA JA TERVEYDEN EDISTÄMINEN,PREVENTIVE ACTION AND PROMOTION OF HEALTH,EHKÄISEVÄ TOIMINTA JA TERVEYDEN EDISTÄMINEN,0,2009-01-01T00:00:00Z,2099-12-31T00:00:00Z,2014-09-25T00:00:00Z
SPAT1031,10,0.000164%,Nielupaiseen avaus tai tyhjennys,Incision or drainage of pharyngeal abscess,nielupaiseen avaus tai tyhjennys puudutuksineen,1,2009-01-01T00:00:00Z,2017-12-31T00:00:00Z,2017-12-05T00:00:00Z
SPAT1089,9,0.000147%,Sedaatio ilman anestesiaa,Sedation without anaesthesia,sedatoivan lääkkeen anto parenteraalisesti potilaan rauhoittamiseksi tai toimenpidettä varten,1,2009-01-01T00:00:00Z,2017-12-31T00:00:00Z,2017-12-05T00:00:00Z
SPAT1095,9,0.000147%,Verenkierron tai hengityksen elvytys,Cardiopulmonary resuscitation,"elvytyksellä tarkoitetaan puhallus-, painelu- tai puhallus-paineluelvytystä, tekohengitystä tai sydänhierontaa lääkehoitoineen",1,2009-01-01T00:00:00Z,2017-12-31T00:00:00Z,2017-12-05T00:00:00Z
SPAT1136,9,0.000147%,Ruoka-ainealtistus,Food exposure,"sisältää ruoka-aineella tehdyn altistuksen iholle, huuleen tai suun kautta sekä sen seurannan vastaanotolla",1,2009-01-01T00:00:00Z,2017-12-31T00:00:00Z,2017-12-05T00:00:00Z
SPAT1004,8,0.000131%,Kyynelpisteen tai -tiehyeen aukaisu,Incision of lacrimal point or canaliculus,kyynelpisteen tai -tiehyen avaaminen sondeeraamalla,1,2009-01-01T00:00:00Z,2017-12-31T00:00:00Z,2017-12-05T00:00:00Z
SPAT1018,8,0.000131%,"KORVA, NENÄ JA KURKUNPÄÄ","EAR, NOSE AND LARYNX","KORVA, NENÄ JA KURKUNPÄÄ",0,2009-01-01T00:00:00Z,2099-12-31T00:00:00Z,2011-10-07T00:00:00Z
SPAT1332,8,0.000131%,Kouluyhteisön ja opiskeluympäristön terveydellisten olojen tarkastus,Inspection of health-related conditions of school community and studying environment,"kouluyhteisön ja opiskeluympäristön terveellisyyden ja turvallisuuden tarkastus yhteistyössä oppilaitoksen ja sen oppilaiden tai opiskelijoiden, koulu- tai opiskeluterveydenhuollon, terveystarkastajan, henkilöstön työterveyshuollon, työsuojeluhenkilöstön ja tarvittaessa muiden asiantuntijoiden kanssa",1,2009-01-01T00:00:00Z,2099-12-31T00:00:00Z,2016-02-29T00:00:00Z
SPAT1348,8,0.000131%,Silmän mikroskooppitutkimus,Microscopic examination of eye,silmän mikroskooppitutkimus itsenäisenä toimenpiteenä tai esim. rikanpoiston yhteydessä,1,2011-01-01T00:00:00Z,2017-12-31T00:00:00Z,2017-12-05T00:00:00Z
SPAT1376,8,0.000131%,"Rakenneuäseulonta, viikot 24+0","Structural ultrasound screening, weeks 24+0",ultraäänitutkimus vaikeiden rakennepoikkeavuuksien selvittämiseksi raskausviikon 24+0 jälkeen (VNA 339/2011),1,2013-01-01T00:00:00Z,2099-12-31T00:00:00Z,2016-02-29T00:00:00Z
SPAT1019,7,0.000114%,Tympanostomiaputken asennus,Insertion of tympanostomy tube,tympanostomiaputken asennus sedaatiossa tai anestesiassa,1,2009-01-01T00:00:00Z,2017-12-31T00:00:00Z,2017-12-05T00:00:00Z
SPAT1073,7,0.000114%,Sähköinen rytminsiirto,Electrical cardioversion,sydämen rytmin muuttaminen normaaliksi sähköiskun avulla,1,2009-01-01T00:00:00Z,2017-12-31T00:00:00Z,2017-12-05T00:00:00Z
SPAT1338,7,0.000114%,Sopimus kirjeestä/sähköisestä yhteydenotosta,Agreement on letter / electronic contact,sopimus kirjeestä/sähköisestä yhteydenotosta,1,2009-01-01T00:00:00Z,2099-12-31T00:00:00Z,2016-02-29T00:00:00Z
SPAT1032,6,0.000098%,Vierasesineen poisto nielusta,Removal of foreign body from pharynx,vierasesineen poisto nielusta,1,2009-01-01T00:00:00Z,2017-12-31T00:00:00Z,2017-12-05T00:00:00Z
SPAT1085,6,0.000098%,Inhalaatioanestesia,Inhalation anaesthesia,inhalaatioanestesia,1,2009-01-01T00:00:00Z,2017-12-31T00:00:00Z,2017-12-05T00:00:00Z
SPAT1092,6,0.000098%,Intubaatio,Intubation,hengitysputken asennus (intubaatio),1,2009-01-01T00:00:00Z,2017-12-31T00:00:00Z,2017-12-05T00:00:00Z
